# Blender 5.0.1
# www.blender.org
mtllib tu_go_nho.mtl
o back_panel_slight_shadow
v -0.475000 0.044000 0.351000
v 0.475000 0.044000 0.351000
v 0.475000 0.836000 0.351000
v -0.475000 0.836000 0.351000
v -0.475000 0.044000 0.369000
v 0.475000 0.044000 0.369000
v 0.475000 0.836000 0.369000
v -0.475000 0.836000 0.369000
vn -0.0000 -0.0000 -1.0000
vn -0.0000 -0.0000 1.0000
vn -0.0000 -1.0000 -0.0000
vn -0.0000 1.0000 -0.0000
vn -1.0000 -0.0000 -0.0000
vn 1.0000 -0.0000 -0.0000
s 0
usemtl wood_edge_shadow
f 1//1 3//1 2//1
f 1//1 4//1 3//1
f 5//2 6//2 7//2
f 5//2 7//2 8//2
f 1//3 2//3 6//3
f 1//3 6//3 5//3
f 4//4 8//4 7//4
f 4//4 7//4 3//4
f 1//5 5//5 8//5
f 1//5 8//5 4//5
f 2//6 3//6 7//6
f 2//6 7//6 6//6
o black_key_head
v -0.389500 0.574000 -0.416308
v -0.354500 0.574000 -0.416308
v -0.354500 0.624000 -0.416308
v -0.389500 0.624000 -0.416308
v -0.389500 0.574000 -0.406308
v -0.354500 0.574000 -0.406308
v -0.354500 0.624000 -0.406308
v -0.389500 0.624000 -0.406308
vn -0.0000 -0.0000 -1.0000
vn -0.0000 -0.0000 1.0000
vn -0.0000 -1.0000 -0.0000
vn -0.0000 1.0000 -0.0000
vn -1.0000 -0.0000 -0.0000
vn 1.0000 -0.0000 -0.0000
s 0
usemtl dark_key
f 9//7 11//7 10//7
f 9//7 12//7 11//7
f 13//8 14//8 15//8
f 13//8 15//8 16//8
f 9//9 10//9 14//9
f 9//9 14//9 13//9
f 12//10 16//10 15//10
f 12//10 15//10 11//10
f 9//11 13//11 16//11
f 9//11 16//11 12//11
f 10//12 11//12 15//12
f 10//12 15//12 14//12
o bottom_plinth
v -0.510000 -0.000000 -0.385000
v 0.510000 -0.000000 -0.385000
v 0.510000 0.070000 -0.385000
v -0.510000 0.070000 -0.385000
v -0.510000 0.000000 0.375000
v 0.510000 0.000000 0.375000
v 0.510000 0.070000 0.375000
v -0.510000 0.070000 0.375000
vn -0.0000 -0.0000 -1.0000
vn -0.0000 -0.0000 1.0000
vn -0.0000 -1.0000 -0.0000
vn -0.0000 1.0000 -0.0000
vn -1.0000 -0.0000 -0.0000
vn 1.0000 -0.0000 -0.0000
s 0
usemtl wood_edge_shadow
f 17//13 19//13 18//13
f 17//13 20//13 19//13
f 21//14 22//14 23//14
f 21//14 23//14 24//14
f 17//15 18//15 22//15
f 17//15 22//15 21//15
f 20//16 24//16 23//16
f 20//16 23//16 19//16
f 17//17 21//17 24//17
f 17//17 24//17 20//17
f 18//18 19//18 23//18
f 18//18 23//18 22//18
o cabinet_body_box
v -0.500000 -0.000000 -0.320000
v 0.500000 -0.000000 -0.320000
v 0.500000 0.880000 -0.320000
v -0.500000 0.880000 -0.320000
v -0.500000 0.000000 0.380000
v 0.500000 0.000000 0.380000
v 0.500000 0.880000 0.380000
v -0.500000 0.880000 0.380000
vn -0.0000 -0.0000 -1.0000
vn -0.0000 -0.0000 1.0000
vn -0.0000 -1.0000 -0.0000
vn -0.0000 1.0000 -0.0000
vn -1.0000 -0.0000 -0.0000
vn 1.0000 -0.0000 -0.0000
s 0
usemtl light_beige_wood
f 25//19 27//19 26//19
f 25//19 28//19 27//19
f 29//20 30//20 31//20
f 29//20 31//20 32//20
f 25//21 26//21 30//21
f 25//21 30//21 29//21
f 28//22 32//22 31//22
f 28//22 31//22 27//22
f 25//23 29//23 32//23
f 25//23 32//23 28//23
f 26//24 27//24 31//24
f 26//24 31//24 30//24
o horizontal_gap_between_drawers
v -0.480000 0.478000 -0.376308
v 0.480000 0.478000 -0.376308
v 0.480000 0.492000 -0.376308
v -0.480000 0.492000 -0.376308
v -0.480000 0.478000 -0.362308
v 0.480000 0.478000 -0.362308
v 0.480000 0.492000 -0.362308
v -0.480000 0.492000 -0.362308
vn -0.0000 -0.0000 -1.0000
vn -0.0000 -0.0000 1.0000
vn -0.0000 -1.0000 -0.0000
vn -0.0000 1.0000 -0.0000
vn -1.0000 -0.0000 -0.0000
vn 1.0000 -0.0000 -0.0000
s 0
usemtl dark_gap
f 33//25 35//25 34//25
f 33//25 36//25 35//25
f 37//26 38//26 39//26
f 37//26 39//26 40//26
f 33//27 34//27 38//27
f 33//27 38//27 37//27
f 36//28 40//28 39//28
f 36//28 39//28 35//28
f 33//29 37//29 40//29
f 33//29 40//29 36//29
f 34//30 35//30 39//30
f 34//30 39//30 38//30
o inner_lock_slot
v -0.362000 0.705000 -0.402308
v -0.362613 0.709659 -0.402308
v -0.364412 0.714000 -0.402308
v -0.367272 0.717728 -0.402308
v -0.371000 0.720588 -0.402308
v -0.375341 0.722387 -0.402308
v -0.380000 0.723000 -0.402308
v -0.384659 0.722387 -0.402308
v -0.389000 0.720588 -0.402308
v -0.392728 0.717728 -0.402308
v -0.395588 0.714000 -0.402308
v -0.397387 0.709659 -0.402308
v -0.398000 0.705000 -0.402308
v -0.397387 0.700341 -0.402308
v -0.395588 0.696000 -0.402308
v -0.392728 0.692272 -0.402308
v -0.389000 0.689412 -0.402308
v -0.384659 0.687613 -0.402308
v -0.380000 0.687000 -0.402308
v -0.375341 0.687613 -0.402308
v -0.371000 0.689412 -0.402308
v -0.367272 0.692272 -0.402308
v -0.364412 0.696000 -0.402308
v -0.362613 0.700341 -0.402308
v -0.362000 0.705000 -0.390308
v -0.362613 0.709659 -0.390308
v -0.364412 0.714000 -0.390308
v -0.367272 0.717728 -0.390308
v -0.371000 0.720588 -0.390308
v -0.375341 0.722387 -0.390308
v -0.380000 0.723000 -0.390308
v -0.384659 0.722387 -0.390308
v -0.389000 0.720588 -0.390308
v -0.392728 0.717728 -0.390308
v -0.395588 0.714000 -0.390308
v -0.397387 0.709659 -0.390308
v -0.398000 0.705000 -0.390308
v -0.397387 0.700341 -0.390308
v -0.395588 0.696000 -0.390308
v -0.392728 0.692272 -0.390308
v -0.389000 0.689412 -0.390308
v -0.384659 0.687613 -0.390308
v -0.380000 0.687000 -0.390308
v -0.375341 0.687613 -0.390308
v -0.371000 0.689412 -0.390308
v -0.367272 0.692272 -0.390308
v -0.364412 0.696000 -0.390308
v -0.362613 0.700341 -0.390308
v -0.380000 0.705000 -0.402308
v -0.380000 0.705000 -0.390308
vn 0.9915 0.1305 -0.0000
vn 0.9915 0.1304 -0.0000
vn -0.0000 -0.0000 -1.0000
vn -0.0000 -0.0000 1.0000
vn 0.9238 0.3828 -0.0000
vn 0.7934 0.6087 -0.0000
vn 0.6087 0.7934 -0.0000
vn 0.3828 0.9238 -0.0000
vn 0.1304 0.9915 -0.0000
vn -0.1304 0.9915 -0.0000
vn -0.3828 0.9238 -0.0000
vn -0.6087 0.7934 -0.0000
vn -0.7934 0.6087 -0.0000
vn -0.9238 0.3828 -0.0000
vn -0.9915 0.1304 -0.0000
vn -0.9915 0.1305 -0.0000
vn -0.9915 -0.1305 -0.0000
vn -0.9915 -0.1304 -0.0000
vn -0.9238 -0.3828 -0.0000
vn -0.7934 -0.6087 -0.0000
vn -0.6087 -0.7934 -0.0000
vn -0.3828 -0.9238 -0.0000
vn -0.1305 -0.9915 -0.0000
vn 0.1305 -0.9915 -0.0000
vn 0.3828 -0.9238 -0.0000
vn 0.6087 -0.7934 -0.0000
vn 0.7934 -0.6087 -0.0000
vn 0.9238 -0.3828 -0.0000
vn 0.9915 -0.1304 -0.0000
vn 0.9915 -0.1305 -0.0000
s 0
usemtl dark_key
f 41//31 42//31 66//31
f 41//32 66//32 65//32
f 89//33 42//33 41//33
f 90//34 65//34 66//34
f 42//35 43//35 67//35
f 42//35 67//35 66//35
f 89//33 43//33 42//33
f 90//34 66//34 67//34
f 43//36 44//36 68//36
f 43//36 68//36 67//36
f 89//33 44//33 43//33
f 90//34 67//34 68//34
f 44//37 45//37 69//37
f 44//37 69//37 68//37
f 89//33 45//33 44//33
f 90//34 68//34 69//34
f 45//38 46//38 70//38
f 45//38 70//38 69//38
f 89//33 46//33 45//33
f 90//34 69//34 70//34
f 46//39 47//39 71//39
f 46//39 71//39 70//39
f 89//33 47//33 46//33
f 90//34 70//34 71//34
f 47//40 48//40 72//40
f 47//40 72//40 71//40
f 89//33 48//33 47//33
f 90//34 71//34 72//34
f 48//41 49//41 73//41
f 48//41 73//41 72//41
f 89//33 49//33 48//33
f 90//34 72//34 73//34
f 49//42 50//42 74//42
f 49//42 74//42 73//42
f 89//33 50//33 49//33
f 90//34 73//34 74//34
f 50//43 51//43 75//43
f 50//43 75//43 74//43
f 89//33 51//33 50//33
f 90//34 74//34 75//34
f 51//44 52//44 76//44
f 51//44 76//44 75//44
f 89//33 52//33 51//33
f 90//34 75//34 76//34
f 52//45 53//45 77//45
f 52//46 77//46 76//46
f 89//33 53//33 52//33
f 90//34 76//34 77//34
f 53//47 54//47 78//47
f 53//48 78//48 77//48
f 89//33 54//33 53//33
f 90//34 77//34 78//34
f 54//49 55//49 79//49
f 54//49 79//49 78//49
f 89//33 55//33 54//33
f 90//34 78//34 79//34
f 55//50 56//50 80//50
f 55//50 80//50 79//50
f 89//33 56//33 55//33
f 90//34 79//34 80//34
f 56//51 57//51 81//51
f 56//51 81//51 80//51
f 89//33 57//33 56//33
f 90//34 80//34 81//34
f 57//52 58//52 82//52
f 57//52 82//52 81//52
f 89//33 58//33 57//33
f 90//34 81//34 82//34
f 58//53 59//53 83//53
f 58//53 83//53 82//53
f 89//33 59//33 58//33
f 90//34 82//34 83//34
f 59//54 60//54 84//54
f 59//54 84//54 83//54
f 89//33 60//33 59//33
f 90//34 83//34 84//34
f 60//55 61//55 85//55
f 60//55 85//55 84//55
f 89//33 61//33 60//33
f 90//34 84//34 85//34
f 61//56 62//56 86//56
f 61//56 86//56 85//56
f 89//33 62//33 61//33
f 90//34 85//34 86//34
f 62//57 63//57 87//57
f 62//57 87//57 86//57
f 89//33 63//33 62//33
f 90//34 86//34 87//34
f 63//58 64//58 88//58
f 63//58 88//58 87//58
f 89//33 64//33 63//33
f 90//34 87//34 88//34
f 64//59 41//59 65//59
f 64//60 65//60 88//60
f 89//33 41//33 64//33
f 90//34 88//34 65//34
o key_metal_blade
v -0.377000 0.509500 -0.416808
v -0.367000 0.509500 -0.416808
v -0.367000 0.584500 -0.416808
v -0.377000 0.584500 -0.416808
v -0.377000 0.509500 -0.409808
v -0.367000 0.509500 -0.409808
v -0.367000 0.584500 -0.409808
v -0.377000 0.584500 -0.409808
vn -0.0000 -0.0000 -1.0000
vn -0.0000 -0.0000 1.0000
vn -0.0000 -1.0000 -0.0000
vn -0.0000 1.0000 -0.0000
vn -1.0000 -0.0000 -0.0000
vn 1.0000 -0.0000 -0.0000
s 0
usemtl key_metal
f 91//61 93//61 92//61
f 91//61 94//61 93//61
f 95//62 96//62 97//62
f 95//62 97//62 98//62
f 91//63 92//63 96//63
f 91//63 96//63 95//63
f 94//64 98//64 97//64
f 94//64 97//64 93//64
f 91//65 95//65 98//65
f 91//65 98//65 94//65
f 92//66 93//66 97//66
f 92//66 97//66 96//66
o key_tooth_1
v -0.370000 0.512000 -0.416808
v -0.352000 0.512000 -0.416808
v -0.352000 0.522000 -0.416808
v -0.370000 0.522000 -0.416808
v -0.370000 0.512000 -0.409808
v -0.352000 0.512000 -0.409808
v -0.352000 0.522000 -0.409808
v -0.370000 0.522000 -0.409808
vn -0.0000 -0.0000 -1.0000
vn -0.0000 -0.0000 1.0000
vn -0.0000 -1.0000 -0.0000
vn -0.0000 1.0000 -0.0000
vn -1.0000 -0.0000 -0.0000
vn 1.0000 -0.0000 -0.0000
s 0
usemtl key_metal
f 99//67 101//67 100//67
f 99//67 102//67 101//67
f 103//68 104//68 105//68
f 103//68 105//68 106//68
f 99//69 100//69 104//69
f 99//69 104//69 103//69
f 102//70 106//70 105//70
f 102//70 105//70 101//70
f 99//71 103//71 106//71
f 99//71 106//71 102//71
f 100//72 101//72 105//72
f 100//72 105//72 104//72
o left_side_slightly_darker
v -0.512000 0.017600 -0.325000
v -0.500000 0.017600 -0.325000
v -0.500000 0.862400 -0.325000
v -0.512000 0.862400 -0.325000
v -0.512000 0.017600 0.385000
v -0.500000 0.017600 0.385000
v -0.500000 0.862400 0.385000
v -0.512000 0.862400 0.385000
vn -0.0000 -0.0000 -1.0000
vn -0.0000 -0.0000 1.0000
vn -0.0000 -1.0000 -0.0000
vn -0.0000 1.0000 -0.0000
vn -1.0000 -0.0000 -0.0000
vn 1.0000 -0.0000 -0.0000
s 0
usemtl light_beige_wood
f 107//73 109//73 108//73
f 107//73 110//73 109//73
f 111//74 112//74 113//74
f 111//74 113//74 114//74
f 107//75 108//75 112//75
f 107//75 112//75 111//75
f 110//76 114//76 113//76
f 110//76 113//76 109//76
f 107//77 111//77 114//77
f 107//77 114//77 110//77
f 108//78 109//78 113//78
f 108//78 113//78 112//78
o left_vertical_front_shadow
v -0.492000 0.130000 -0.374308
v -0.478000 0.130000 -0.374308
v -0.478000 0.810000 -0.374308
v -0.492000 0.810000 -0.374308
v -0.492000 0.130000 -0.362308
v -0.478000 0.130000 -0.362308
v -0.478000 0.810000 -0.362308
v -0.492000 0.810000 -0.362308
vn -0.0000 -0.0000 -1.0000
vn -0.0000 -0.0000 1.0000
vn -0.0000 -1.0000 -0.0000
vn -0.0000 1.0000 -0.0000
vn -1.0000 -0.0000 -0.0000
vn 1.0000 -0.0000 -0.0000
s 0
usemtl dark_gap
f 115//79 117//79 116//79
f 115//79 118//79 117//79
f 119//80 120//80 121//80
f 119//80 121//80 122//80
f 115//81 116//81 120//81
f 115//81 120//81 119//81
f 118//82 122//82 121//82
f 118//82 121//82 117//82
f 115//83 119//83 122//83
f 115//83 122//83 118//83
f 116//84 117//84 121//84
f 116//84 121//84 120//84
o lower_curved_silver_handle
v 0.050000 0.354000 -0.379308
v 0.055918 0.352614 -0.377937
v 0.060663 0.348729 -0.376838
v 0.063297 0.343115 -0.376228
v 0.063297 0.336885 -0.376228
v 0.060663 0.331271 -0.376838
v 0.055918 0.327386 -0.377937
v 0.050000 0.326000 -0.379308
v 0.044082 0.327386 -0.380679
v 0.039337 0.331271 -0.381778
v 0.036703 0.336885 -0.382388
v 0.036703 0.343115 -0.382388
v 0.039337 0.348729 -0.381778
v 0.044082 0.352614 -0.380679
v 0.051899 0.354000 -0.387505
v 0.057405 0.352614 -0.384940
v 0.061821 0.348729 -0.382883
v 0.064271 0.343115 -0.381741
v 0.064271 0.336885 -0.381741
v 0.061821 0.331271 -0.382883
v 0.057405 0.327386 -0.384940
v 0.051899 0.326000 -0.387505
v 0.046393 0.327386 -0.390071
v 0.041977 0.331271 -0.392128
v 0.039527 0.336885 -0.393269
v 0.039527 0.343115 -0.393269
v 0.041977 0.348729 -0.392128
v 0.046393 0.352614 -0.390071
v 0.057553 0.354000 -0.395520
v 0.061949 0.352614 -0.391328
v 0.065475 0.348729 -0.387967
v 0.067431 0.343115 -0.386101
v 0.067431 0.336885 -0.386101
v 0.065475 0.331271 -0.387967
v 0.061949 0.327386 -0.391328
v 0.057553 0.326000 -0.395520
v 0.053156 0.327386 -0.399711
v 0.049631 0.331271 -0.403073
v 0.047674 0.336885 -0.404938
v 0.047674 0.343115 -0.404938
v 0.049631 0.348729 -0.403073
v 0.053156 0.352614 -0.399711
v 0.066835 0.354000 -0.403172
v 0.070223 0.352614 -0.398129
v 0.072939 0.348729 -0.394086
v 0.074447 0.343115 -0.391842
v 0.074447 0.336885 -0.391842
v 0.072939 0.331271 -0.394086
v 0.070223 0.327386 -0.398129
v 0.066835 0.326000 -0.403172
v 0.063448 0.327386 -0.408214
v 0.060731 0.331271 -0.412257
v 0.059224 0.336885 -0.414501
v 0.059224 0.343115 -0.414501
v 0.060731 0.348729 -0.412257
v 0.063448 0.352614 -0.408214
v 0.079539 0.354000 -0.410291
v 0.082144 0.352614 -0.404803
v 0.084232 0.348729 -0.400402
v 0.085391 0.343115 -0.397960
v 0.085391 0.336885 -0.397960
v 0.084232 0.331271 -0.400402
v 0.082144 0.327386 -0.404803
v 0.079539 0.326000 -0.410291
v 0.076935 0.327386 -0.415778
v 0.074847 0.331271 -0.420179
v 0.073688 0.336885 -0.422622
v 0.073688 0.343115 -0.422622
v 0.074847 0.348729 -0.420179
v 0.076935 0.352614 -0.415778
v 0.095381 0.354000 -0.416718
v 0.097381 0.352614 -0.410982
v 0.098985 0.348729 -0.406382
v 0.099875 0.343115 -0.403829
v 0.099875 0.336885 -0.403829
v 0.098985 0.331271 -0.406382
v 0.097381 0.327386 -0.410982
v 0.095381 0.326000 -0.416718
v 0.093381 0.327386 -0.422453
v 0.091777 0.331271 -0.427053
v 0.090887 0.336885 -0.429606
v 0.090887 0.343115 -0.429606
v 0.091777 0.348729 -0.427053
v 0.093381 0.352614 -0.422453
v 0.114007 0.354000 -0.422309
v 0.115524 0.352614 -0.416427
v 0.116741 0.348729 -0.411710
v 0.117417 0.343115 -0.409093
v 0.117417 0.336885 -0.409093
v 0.116741 0.331271 -0.411710
v 0.115524 0.327386 -0.416427
v 0.114007 0.326000 -0.422309
v 0.112489 0.327386 -0.428190
v 0.111272 0.331271 -0.432907
v 0.110597 0.336885 -0.435525
v 0.110597 0.343115 -0.435525
v 0.111272 0.348729 -0.432907
v 0.112489 0.352614 -0.428190
v 0.135000 0.354000 -0.426939
v 0.136115 0.352614 -0.420968
v 0.137010 0.348729 -0.416180
v 0.137506 0.343115 -0.413522
v 0.137506 0.336885 -0.413522
v 0.137010 0.331271 -0.416180
v 0.136115 0.327386 -0.420968
v 0.135000 0.326000 -0.426939
v 0.133885 0.327386 -0.432910
v 0.132990 0.331271 -0.437699
v 0.132494 0.336885 -0.440356
v 0.132494 0.343115 -0.440356
v 0.132990 0.348729 -0.437699
v 0.133885 0.352614 -0.432910
v 0.157892 0.354000 -0.430506
v 0.158657 0.352614 -0.424480
v 0.159271 0.348729 -0.419648
v 0.159611 0.343115 -0.416966
v 0.159611 0.336885 -0.416966
v 0.159271 0.331271 -0.419648
v 0.158657 0.327386 -0.424480
v 0.157892 0.326000 -0.430506
v 0.157127 0.327386 -0.436532
v 0.156513 0.331271 -0.441365
v 0.156173 0.336885 -0.444046
v 0.156173 0.343115 -0.444046
v 0.156513 0.348729 -0.441365
v 0.157127 0.352614 -0.436532
v 0.182171 0.354000 -0.432929
v 0.182619 0.352614 -0.426871
v 0.182978 0.348729 -0.422013
v 0.183177 0.343115 -0.419317
v 0.183177 0.336885 -0.419317
v 0.182978 0.331271 -0.422013
v 0.182619 0.327386 -0.426871
v 0.182171 0.326000 -0.432929
v 0.181724 0.327386 -0.438987
v 0.181365 0.331271 -0.443845
v 0.181166 0.336885 -0.446541
v 0.181166 0.343115 -0.446541
v 0.181365 0.348729 -0.443845
v 0.181724 0.352614 -0.438987
v 0.207296 0.354000 -0.434154
v 0.207443 0.352614 -0.428082
v 0.207561 0.348729 -0.423212
v 0.207627 0.343115 -0.420509
v 0.207627 0.336885 -0.420509
v 0.207561 0.331271 -0.423212
v 0.207443 0.327386 -0.428082
v 0.207296 0.326000 -0.434154
v 0.207149 0.327386 -0.440227
v 0.207031 0.331271 -0.445097
v 0.206965 0.336885 -0.447799
v 0.206965 0.343115 -0.447799
v 0.207031 0.348729 -0.445097
v 0.207149 0.352614 -0.440227
v 0.232704 0.354000 -0.434154
v 0.232557 0.352614 -0.428082
v 0.232439 0.348729 -0.423212
v 0.232373 0.343115 -0.420509
v 0.232373 0.336885 -0.420509
v 0.232439 0.331271 -0.423212
v 0.232557 0.327386 -0.428082
v 0.232704 0.326000 -0.434154
v 0.232851 0.327386 -0.440227
v 0.232969 0.331271 -0.445097
v 0.233035 0.336885 -0.447799
v 0.233035 0.343115 -0.447799
v 0.232969 0.348729 -0.445097
v 0.232851 0.352614 -0.440227
v 0.257829 0.354000 -0.432929
v 0.257381 0.352614 -0.426871
v 0.257022 0.348729 -0.422013
v 0.256823 0.343115 -0.419317
v 0.256823 0.336885 -0.419317
v 0.257022 0.331271 -0.422013
v 0.257381 0.327386 -0.426871
v 0.257829 0.326000 -0.432929
v 0.258276 0.327386 -0.438987
v 0.258635 0.331271 -0.443845
v 0.258834 0.336885 -0.446541
v 0.258834 0.343115 -0.446541
v 0.258635 0.348729 -0.443845
v 0.258276 0.352614 -0.438987
v 0.282108 0.354000 -0.430506
v 0.281343 0.352614 -0.424480
v 0.280729 0.348729 -0.419648
v 0.280389 0.343115 -0.416966
v 0.280389 0.336885 -0.416966
v 0.280729 0.331271 -0.419648
v 0.281343 0.327386 -0.424480
v 0.282108 0.326000 -0.430506
v 0.282873 0.327386 -0.436532
v 0.283487 0.331271 -0.441365
v 0.283827 0.336885 -0.444046
v 0.283827 0.343115 -0.444046
v 0.283487 0.348729 -0.441365
v 0.282873 0.352614 -0.436532
v 0.305000 0.354000 -0.426939
v 0.303885 0.352614 -0.420968
v 0.302990 0.348729 -0.416180
v 0.302494 0.343115 -0.413522
v 0.302494 0.336885 -0.413522
v 0.302990 0.331271 -0.416180
v 0.303885 0.327386 -0.420968
v 0.305000 0.326000 -0.426939
v 0.306115 0.327386 -0.432910
v 0.307010 0.331271 -0.437699
v 0.307506 0.336885 -0.440356
v 0.307506 0.343115 -0.440356
v 0.307010 0.348729 -0.437699
v 0.306115 0.352614 -0.432910
v 0.325993 0.354000 -0.422309
v 0.324476 0.352614 -0.416427
v 0.323259 0.348729 -0.411710
v 0.322583 0.343115 -0.409093
v 0.322583 0.336885 -0.409093
v 0.323259 0.331271 -0.411710
v 0.324476 0.327386 -0.416427
v 0.325993 0.326000 -0.422309
v 0.327511 0.327386 -0.428190
v 0.328728 0.331271 -0.432907
v 0.329403 0.336885 -0.435525
v 0.329403 0.343115 -0.435525
v 0.328728 0.348729 -0.432907
v 0.327511 0.352614 -0.428190
v 0.344619 0.354000 -0.416718
v 0.342619 0.352614 -0.410982
v 0.341015 0.348729 -0.406382
v 0.340125 0.343115 -0.403829
v 0.340125 0.336885 -0.403829
v 0.341015 0.331271 -0.406382
v 0.342619 0.327386 -0.410982
v 0.344619 0.326000 -0.416718
v 0.346619 0.327386 -0.422453
v 0.348223 0.331271 -0.427053
v 0.349113 0.336885 -0.429606
v 0.349113 0.343115 -0.429606
v 0.348223 0.348729 -0.427053
v 0.346619 0.352614 -0.422453
v 0.360461 0.354000 -0.410291
v 0.357856 0.352614 -0.404803
v 0.355768 0.348729 -0.400402
v 0.354609 0.343115 -0.397960
v 0.354609 0.336885 -0.397960
v 0.355768 0.331271 -0.400402
v 0.357856 0.327386 -0.404803
v 0.360461 0.326000 -0.410291
v 0.363065 0.327386 -0.415778
v 0.365153 0.331271 -0.420179
v 0.366312 0.336885 -0.422622
v 0.366312 0.343115 -0.422622
v 0.365153 0.348729 -0.420179
v 0.363065 0.352614 -0.415778
v 0.373165 0.354000 -0.403172
v 0.369777 0.352614 -0.398129
v 0.367061 0.348729 -0.394086
v 0.365553 0.343115 -0.391842
v 0.365553 0.336885 -0.391842
v 0.367061 0.331271 -0.394086
v 0.369777 0.327386 -0.398129
v 0.373165 0.326000 -0.403172
v 0.376552 0.327386 -0.408214
v 0.379269 0.331271 -0.412257
v 0.380776 0.336885 -0.414501
v 0.380776 0.343115 -0.414501
v 0.379269 0.348729 -0.412257
v 0.376552 0.352614 -0.408214
v 0.382447 0.354000 -0.395520
v 0.378051 0.352614 -0.391328
v 0.374525 0.348729 -0.387967
v 0.372569 0.343115 -0.386101
v 0.372569 0.336885 -0.386101
v 0.374525 0.331271 -0.387967
v 0.378051 0.327386 -0.391328
v 0.382447 0.326000 -0.395520
v 0.386844 0.327386 -0.399711
v 0.390369 0.331271 -0.403073
v 0.392326 0.336885 -0.404938
v 0.392326 0.343115 -0.404938
v 0.390369 0.348729 -0.403073
v 0.386844 0.352614 -0.399711
v 0.388101 0.354000 -0.387505
v 0.382595 0.352614 -0.384940
v 0.378179 0.348729 -0.382883
v 0.375729 0.343115 -0.381741
v 0.375729 0.336885 -0.381741
v 0.378179 0.331271 -0.382883
v 0.382595 0.327386 -0.384940
v 0.388101 0.326000 -0.387505
v 0.393607 0.327386 -0.390071
v 0.398023 0.331271 -0.392128
v 0.400473 0.336885 -0.393269
v 0.400473 0.343115 -0.393269
v 0.398023 0.348729 -0.392128
v 0.393607 0.352614 -0.390071
v 0.390000 0.354000 -0.379308
v 0.384082 0.352614 -0.377937
v 0.379337 0.348729 -0.376838
v 0.376703 0.343115 -0.376228
v 0.376703 0.336885 -0.376228
v 0.379337 0.331271 -0.376838
v 0.384082 0.327386 -0.377937
v 0.390000 0.326000 -0.379308
v 0.395918 0.327386 -0.380679
v 0.400663 0.331271 -0.381778
v 0.403297 0.336885 -0.382388
v 0.403297 0.343115 -0.382388
v 0.400663 0.348729 -0.381778
v 0.395918 0.352614 -0.380679
v 0.050000 0.340000 -0.379308
v 0.390000 0.340000 -0.379308
vn -0.2213 -0.9739 -0.0513
vn -0.2176 -0.9749 -0.0462
vn -0.6195 -0.7739 -0.1315
vn -0.6127 -0.7815 -0.1174
vn -0.8899 -0.4230 -0.1705
vn -0.8875 -0.4334 -0.1568
vn -0.9847 -0.0000 -0.1740
vn -0.8929 0.4217 -0.1577
vn -0.8850 0.4336 -0.1695
vn -0.6238 0.7724 -0.1195
vn -0.6100 0.7817 -0.1295
vn -0.2230 0.9737 -0.0474
vn -0.2167 0.9749 -0.0502
vn 0.2213 0.9739 0.0513
vn 0.2160 0.9749 0.0532
vn 0.6125 0.7760 0.1507
vn 0.6043 0.7817 0.1541
vn 0.8759 0.4277 0.2234
vn 0.8721 0.4338 0.2263
vn 0.9679 -0.0000 0.2512
vn 0.8748 -0.4279 0.2270
vn 0.8730 -0.4338 0.2227
vn 0.6106 -0.7765 0.1557
vn 0.6055 -0.7817 0.1490
vn 0.2200 -0.9740 0.0541
vn 0.2167 -0.9749 0.0502
vn -0.1837 -0.9744 -0.1296
vn -0.1842 -0.9741 -0.1310
vn -0.5113 -0.7787 -0.3637
vn -0.5117 -0.7764 -0.3678
vn -0.7329 -0.4305 -0.5268
vn -0.7320 -0.4274 -0.5305
vn -0.8097 -0.0000 -0.5868
vn -0.7308 0.4307 -0.5296
vn -0.7340 0.4277 -0.5276
vn -0.5093 0.7789 -0.3660
vn -0.5133 0.7767 -0.3651
vn -0.1831 0.9744 -0.1302
vn -0.1846 0.9742 -0.1302
vn 0.1837 0.9744 0.1296
vn 0.1848 0.9742 0.1296
vn 0.5140 0.7784 0.3606
vn 0.5157 0.7772 0.3607
vn 0.7399 0.4298 0.5174
vn 0.7409 0.4284 0.5173
vn 0.8199 -0.0000 0.5725
vn 0.7403 -0.4298 0.5169
vn 0.7405 -0.4284 0.5178
vn 0.5146 -0.7783 0.3598
vn 0.5153 -0.7771 0.3615
vn 0.1841 -0.9744 0.1291
vn 0.1846 -0.9742 0.1302
vn -0.1421 -0.9747 -0.1724
vn -0.1422 -0.9746 -0.1731
vn -0.3971 -0.7803 -0.4831
vn -0.3971 -0.7795 -0.4844
vn -0.5717 -0.4323 -0.6973
vn -0.5714 -0.4312 -0.6983
vn -0.6333 -0.0000 -0.7739
vn -0.5710 0.4323 -0.6979
vn -0.5720 0.4312 -0.6977
vn -0.3964 0.7804 -0.4836
vn -0.3977 0.7796 -0.4838
vn -0.1419 0.9747 -0.1726
vn -0.1425 0.9746 -0.1728
vn 0.1422 0.9747 0.1724
vn 0.1426 0.9746 0.1726
vn 0.3983 0.7803 0.4821
vn 0.3992 0.7797 0.4825
vn 0.5749 0.4321 0.6948
vn 0.5753 0.4314 0.6949
vn 0.6377 -0.0000 0.7702
vn 0.6377 -0.0000 0.7703
vn 0.5751 -0.4321 0.6946
vn 0.5751 -0.4314 0.6951
vn 0.3987 -0.7803 0.4819
vn 0.3988 -0.7797 0.4828
vn 0.1424 -0.9747 0.1723
vn 0.1425 -0.9746 0.1728
vn -0.1090 -0.9748 -0.1945
vn -0.1090 -0.9748 -0.1947
vn -0.3050 -0.7811 -0.5448
vn -0.3050 -0.7808 -0.5453
vn -0.4400 -0.4330 -0.7867
vn -0.4399 -0.4327 -0.7869
vn -0.4880 -0.0000 -0.8729
vn -0.4398 0.4330 -0.7868
vn -0.4401 0.4327 -0.7868
vn -0.3048 0.7811 -0.5449
vn -0.3052 0.7808 -0.5452
vn -0.1089 0.9748 -0.1945
vn -0.1091 0.9748 -0.1946
vn 0.1090 0.9748 0.1945
vn 0.1092 0.9748 0.1946
vn 0.3054 0.7811 0.5446
vn 0.3058 0.7808 0.5448
vn 0.4411 0.4331 0.7860
vn 0.4414 0.4327 0.7861
vn 0.4896 -0.0000 0.8720
vn 0.4413 -0.4331 0.7859
vn 0.4412 -0.4327 0.7862
vn 0.3056 -0.7811 0.5445
vn 0.3056 -0.7808 0.5449
vn 0.1091 -0.9748 0.1945
vn 0.1091 -0.9748 0.1947
vn -0.0837 -0.9749 -0.2064
vn -0.0837 -0.9749 -0.2065
vn -0.2345 -0.7815 -0.5782
vn -0.2345 -0.7813 -0.5785
vn -0.3385 -0.4335 -0.8352
vn -0.3385 -0.4332 -0.8353
vn -0.3756 -0.0000 -0.9268
vn -0.3755 -0.0000 -0.9268
vn -0.3384 0.4335 -0.8352
vn -0.3386 0.4332 -0.8353
vn -0.2344 0.7815 -0.5783
vn -0.2346 0.7813 -0.5784
vn -0.0837 0.9749 -0.2064
vn -0.0838 0.9749 -0.2064
vn 0.0837 0.9749 0.2064
vn 0.0838 0.9749 0.2065
vn 0.2347 0.7815 0.5782
vn 0.2348 0.7813 0.5783
vn 0.3390 0.4335 0.8350
vn 0.3391 0.4334 0.8350
vn 0.3762 -0.0000 0.9265
vn 0.3391 -0.4335 0.8350
vn 0.3390 -0.4334 0.8350
vn 0.2347 -0.7815 0.5781
vn 0.2347 -0.7813 0.5783
vn 0.0838 -0.9749 0.2064
vn 0.0838 -0.9749 0.2065
vn -0.0640 -0.9749 -0.2132
vn -0.0640 -0.9749 -0.2133
vn -0.1793 -0.7816 -0.5975
vn -0.1793 -0.7815 -0.5975
vn -0.2590 -0.4335 -0.8631
vn -0.2590 -0.4336 -0.8631
vn -0.2874 -0.0000 -0.9578
vn -0.2590 0.4335 -0.8631
vn -0.2590 0.4336 -0.8631
vn -0.1793 0.7816 -0.5975
vn -0.1793 0.7815 -0.5975
vn -0.0640 0.9749 -0.2132
vn -0.0640 0.9749 -0.2133
vn 0.0640 0.9749 0.2132
vn 0.0640 0.9749 0.2133
vn 0.1794 0.7816 0.5974
vn 0.1794 0.7815 0.5975
vn 0.2592 0.4336 0.8630
vn 0.2876 -0.0000 0.9577
vn 0.2592 -0.4336 0.8630
vn 0.2592 -0.4336 0.8631
vn 0.1794 -0.7816 0.5974
vn 0.1794 -0.7815 0.5975
vn 0.0640 -0.9749 0.2132
vn 0.0640 -0.9749 0.2133
vn -0.0479 -0.9749 -0.2173
vn -0.0479 -0.9749 -0.2174
vn -0.1343 -0.7816 -0.6091
vn -0.1940 -0.4337 -0.8799
vn -0.1940 -0.4336 -0.8800
vn -0.2153 -0.0000 -0.9765
vn -0.1940 0.4337 -0.8799
vn -0.1941 0.4336 -0.8800
vn -0.1343 0.7816 -0.6091
vn -0.0479 0.9749 -0.2173
vn -0.0479 0.9749 -0.2174
vn 0.0479 0.9749 0.2173
vn 0.0480 0.9749 0.2174
vn 0.1344 0.7817 0.6090
vn 0.1344 0.7816 0.6091
vn 0.1942 0.4336 0.8799
vn 0.1941 0.4337 0.8799
vn 0.2154 -0.0000 0.9765
vn 0.1941 -0.4336 0.8799
vn 0.1941 -0.4337 0.8799
vn 0.1344 -0.7817 0.6090
vn 0.1344 -0.7816 0.6091
vn 0.0479 -0.9749 0.2174
vn -0.0343 -0.9749 -0.2199
vn -0.0960 -0.7817 -0.6163
vn -0.0960 -0.7816 -0.6163
vn -0.1387 -0.4337 -0.8903
vn -0.1387 -0.4338 -0.8903
vn -0.1539 -0.0000 -0.9881
vn -0.1387 0.4337 -0.8903
vn -0.1387 0.4338 -0.8903
vn -0.0960 0.7817 -0.6163
vn -0.0960 0.7816 -0.6163
vn -0.0343 0.9749 -0.2199
vn 0.0343 0.9749 0.2199
vn 0.0960 0.7817 0.6162
vn 0.1388 0.4336 0.8904
vn 0.1387 0.4336 0.8903
vn 0.1540 -0.0000 0.9881
vn 0.1387 -0.4336 0.8904
vn 0.1388 -0.4336 0.8903
vn 0.0960 -0.7817 0.6162
vn 0.0343 -0.9749 0.2199
vn -0.0221 -0.9749 -0.2214
vn -0.0619 -0.7817 -0.6206
vn -0.0894 -0.4337 -0.8966
vn -0.0993 -0.0000 -0.9951
vn -0.0894 0.4337 -0.8966
vn -0.0619 0.7817 -0.6206
vn -0.0221 0.9749 -0.2214
vn 0.0221 0.9749 0.2214
vn 0.0619 0.7817 0.6206
vn 0.0619 0.7817 0.6205
vn 0.0895 0.4337 0.8966
vn 0.0895 0.4336 0.8966
vn 0.0993 -0.0000 0.9951
vn 0.0895 -0.4337 0.8966
vn 0.0895 -0.4336 0.8966
vn 0.0619 -0.7817 0.6206
vn 0.0619 -0.7817 0.6205
vn 0.0221 -0.9749 0.2214
vn -0.0108 -0.9749 -0.2223
vn -0.0304 -0.7817 -0.6229
vn -0.0439 -0.4338 -0.8999
vn -0.0439 -0.4337 -0.9000
vn -0.0487 -0.0000 -0.9988
vn -0.0439 0.4338 -0.8999
vn -0.0439 0.4337 -0.9000
vn -0.0304 0.7817 -0.6229
vn -0.0108 0.9749 -0.2223
vn -0.0108 0.9749 -0.2222
vn 0.0108 0.9749 0.2222
vn 0.0108 0.9749 0.2223
vn 0.0304 0.7817 0.6229
vn 0.0439 0.4337 0.9000
vn 0.0487 -0.0000 0.9988
vn 0.0439 -0.4337 0.9000
vn 0.0304 -0.7817 0.6229
vn 0.0108 -0.9749 0.2223
vn 0.0108 -0.9749 0.2222
vn -0.0000 -0.9749 -0.2225
vn -0.0000 -0.7817 -0.6236
vn -0.0000 -0.4338 -0.9010
vn -0.0000 -0.0000 -1.0000
vn -0.0000 0.4338 -0.9010
vn -0.0000 0.7817 -0.6236
vn -0.0000 0.9749 -0.2225
vn -0.0000 0.9749 0.2225
vn -0.0000 0.7817 0.6236
vn -0.0000 0.4337 0.9011
vn -0.0000 -0.0000 1.0000
vn -0.0000 -0.4337 0.9011
vn -0.0000 -0.7817 0.6236
vn -0.0000 -0.9749 0.2225
vn 0.0108 -0.9749 -0.2223
vn 0.0304 -0.7817 -0.6229
vn 0.0439 -0.4337 -0.9000
vn 0.0439 -0.4338 -0.8999
vn 0.0487 -0.0000 -0.9988
vn 0.0439 0.4337 -0.9000
vn 0.0439 0.4338 -0.8999
vn 0.0304 0.7817 -0.6229
vn 0.0108 0.9749 -0.2223
vn -0.0108 0.9749 0.2222
vn -0.0304 0.7817 0.6229
vn -0.0439 0.4337 0.9000
vn -0.0487 -0.0000 0.9988
vn -0.0439 -0.4337 0.9000
vn -0.0304 -0.7817 0.6229
vn -0.0108 -0.9749 0.2223
vn -0.0108 -0.9749 0.2222
vn 0.0221 -0.9749 -0.2214
vn 0.0619 -0.7817 -0.6206
vn 0.0894 -0.4337 -0.8966
vn 0.0993 -0.0000 -0.9951
vn 0.0894 0.4337 -0.8966
vn 0.0619 0.7817 -0.6206
vn 0.0221 0.9749 -0.2214
vn -0.0221 0.9749 0.2214
vn -0.0619 0.7817 0.6205
vn -0.0619 0.7817 0.6206
vn -0.0895 0.4336 0.8966
vn -0.0895 0.4337 0.8966
vn -0.0993 -0.0000 0.9951
vn -0.0895 -0.4336 0.8966
vn -0.0895 -0.4337 0.8966
vn -0.0619 -0.7817 0.6205
vn -0.0619 -0.7817 0.6206
vn -0.0221 -0.9749 0.2214
vn 0.0343 -0.9749 -0.2199
vn 0.0960 -0.7817 -0.6163
vn 0.1387 -0.4338 -0.8903
vn 0.1387 -0.4337 -0.8903
vn 0.1539 -0.0000 -0.9881
vn 0.1387 0.4338 -0.8903
vn 0.1387 0.4337 -0.8903
vn 0.0960 0.7816 -0.6163
vn 0.0960 0.7817 -0.6163
vn 0.0343 0.9749 -0.2199
vn -0.0343 0.9749 0.2199
vn -0.0960 0.7817 0.6162
vn -0.1388 0.4336 0.8903
vn -0.1387 0.4336 0.8904
vn -0.1540 -0.0000 0.9881
vn -0.1387 -0.4336 0.8903
vn -0.1388 -0.4336 0.8904
vn -0.0960 -0.7817 0.6162
vn -0.0343 -0.9749 0.2199
vn 0.0479 -0.9749 -0.2174
vn 0.1343 -0.7816 -0.6091
vn 0.1941 -0.4336 -0.8800
vn 0.1940 -0.4337 -0.8799
vn 0.2153 -0.0000 -0.9765
vn 0.1940 0.4336 -0.8800
vn 0.1940 0.4337 -0.8799
vn 0.1343 0.7816 -0.6091
vn 0.0479 0.9749 -0.2174
vn 0.0479 0.9749 -0.2173
vn -0.0479 0.9749 0.2174
vn -0.0479 0.9749 0.2173
vn -0.1344 0.7816 0.6091
vn -0.1344 0.7817 0.6090
vn -0.1941 0.4337 0.8799
vn -0.1941 0.4336 0.8799
vn -0.2154 -0.0000 0.9765
vn -0.1941 -0.4337 0.8799
vn -0.1942 -0.4336 0.8799
vn -0.1344 -0.7816 0.6091
vn -0.1344 -0.7817 0.6090
vn -0.0480 -0.9749 0.2174
vn -0.0479 -0.9749 0.2173
vn 0.0640 -0.9749 -0.2132
vn 0.1793 -0.7815 -0.5975
vn 0.1793 -0.7816 -0.5975
vn 0.2590 -0.4336 -0.8631
vn 0.2590 -0.4335 -0.8631
vn 0.2874 -0.0000 -0.9578
vn 0.2590 0.4336 -0.8631
vn 0.2590 0.4335 -0.8631
vn 0.1793 0.7815 -0.5975
vn 0.1793 0.7816 -0.5975
vn 0.0640 0.9749 -0.2133
vn 0.0640 0.9749 -0.2132
vn -0.0640 0.9749 0.2133
vn -0.0640 0.9749 0.2132
vn -0.1794 0.7815 0.5975
vn -0.1794 0.7816 0.5974
vn -0.2592 0.4336 0.8631
vn -0.2592 0.4336 0.8630
vn -0.2876 -0.0000 0.9577
vn -0.2592 -0.4336 0.8630
vn -0.1794 -0.7815 0.5975
vn -0.1794 -0.7816 0.5974
vn -0.0640 -0.9749 0.2133
vn -0.0640 -0.9749 0.2132
vn 0.0838 -0.9749 -0.2064
vn 0.0837 -0.9749 -0.2064
vn 0.2346 -0.7813 -0.5784
vn 0.2344 -0.7815 -0.5783
vn 0.3386 -0.4332 -0.8353
vn 0.3384 -0.4335 -0.8352
vn 0.3755 -0.0000 -0.9268
vn 0.3756 -0.0000 -0.9268
vn 0.3385 0.4332 -0.8353
vn 0.3385 0.4335 -0.8352
vn 0.2345 0.7813 -0.5785
vn 0.2345 0.7815 -0.5782
vn 0.0837 0.9749 -0.2065
vn 0.0837 0.9749 -0.2064
vn -0.0838 0.9749 0.2065
vn -0.0838 0.9749 0.2064
vn -0.2347 0.7813 0.5783
vn -0.2347 0.7814 0.5781
vn -0.3390 0.4334 0.8350
vn -0.3391 0.4335 0.8350
vn -0.3762 -0.0000 0.9265
vn -0.3391 -0.4334 0.8350
vn -0.3390 -0.4335 0.8350
vn -0.2348 -0.7813 0.5783
vn -0.2347 -0.7815 0.5782
vn -0.0838 -0.9749 0.2065
vn -0.0837 -0.9749 0.2064
vn 0.1091 -0.9748 -0.1946
vn 0.1089 -0.9748 -0.1945
vn 0.3052 -0.7808 -0.5452
vn 0.3048 -0.7811 -0.5449
vn 0.4401 -0.4327 -0.7868
vn 0.4398 -0.4330 -0.7868
vn 0.4880 -0.0000 -0.8729
vn 0.4399 0.4327 -0.7869
vn 0.4400 0.4330 -0.7867
vn 0.3050 0.7808 -0.5453
vn 0.3050 0.7811 -0.5448
vn 0.1090 0.9748 -0.1947
vn 0.1090 0.9748 -0.1945
vn -0.1091 0.9748 0.1947
vn -0.1091 0.9748 0.1945
vn -0.3056 0.7808 0.5449
vn -0.3056 0.7811 0.5445
vn -0.4412 0.4327 0.7862
vn -0.4413 0.4331 0.7859
vn -0.4896 -0.0000 0.8720
vn -0.4414 -0.4327 0.7861
vn -0.4411 -0.4331 0.7860
vn -0.3058 -0.7808 0.5448
vn -0.3054 -0.7811 0.5446
vn -0.1092 -0.9748 0.1946
vn -0.1090 -0.9748 0.1945
vn 0.1425 -0.9746 -0.1728
vn 0.1419 -0.9747 -0.1726
vn 0.3977 -0.7796 -0.4839
vn 0.3964 -0.7804 -0.4836
vn 0.5720 -0.4312 -0.6978
vn 0.5710 -0.4323 -0.6979
vn 0.6333 -0.0000 -0.7739
vn 0.5714 0.4312 -0.6983
vn 0.5717 0.4323 -0.6973
vn 0.3971 0.7795 -0.4844
vn 0.3971 0.7803 -0.4831
vn 0.1422 0.9746 -0.1731
vn 0.1421 0.9747 -0.1724
vn -0.1425 0.9746 0.1728
vn -0.1424 0.9747 0.1723
vn -0.3988 0.7797 0.4828
vn -0.3987 0.7803 0.4819
vn -0.5751 0.4314 0.6951
vn -0.5752 0.4321 0.6946
vn -0.6377 -0.0000 0.7703
vn -0.5753 -0.4314 0.6949
vn -0.5749 -0.4321 0.6948
vn -0.3992 -0.7797 0.4825
vn -0.3983 -0.7803 0.4821
vn -0.1426 -0.9746 0.1727
vn -0.1422 -0.9747 0.1724
vn 0.1846 -0.9742 -0.1302
vn 0.1831 -0.9744 -0.1302
vn 0.5133 -0.7767 -0.3651
vn 0.5093 -0.7789 -0.3660
vn 0.7340 -0.4277 -0.5276
vn 0.7308 -0.4307 -0.5296
vn 0.8097 -0.0000 -0.5868
vn 0.7320 0.4274 -0.5305
vn 0.7329 0.4305 -0.5268
vn 0.5117 0.7764 -0.3678
vn 0.5113 0.7787 -0.3637
vn 0.1842 0.9741 -0.1310
vn 0.1837 0.9744 -0.1296
vn -0.1845 0.9742 0.1302
vn -0.1841 0.9744 0.1291
vn -0.5153 0.7771 0.3615
vn -0.5146 0.7783 0.3599
vn -0.7405 0.4284 0.5178
vn -0.7403 0.4298 0.5169
vn -0.8199 -0.0000 0.5725
vn -0.7409 -0.4284 0.5172
vn -0.7399 -0.4298 0.5175
vn -0.5157 -0.7772 0.3606
vn -0.5140 -0.7784 0.3606
vn -0.1848 -0.9742 0.1297
vn -0.1837 -0.9744 0.1296
vn 0.2167 -0.9749 -0.0502
vn 0.2230 -0.9737 -0.0474
vn 0.6100 -0.7817 -0.1295
vn 0.6238 -0.7724 -0.1195
vn 0.8850 -0.4337 -0.1695
vn 0.8929 -0.4217 -0.1577
vn 0.9847 -0.0000 -0.1740
vn 0.8875 0.4334 -0.1568
vn 0.8899 0.4230 -0.1705
vn 0.6127 0.7815 -0.1174
vn 0.6195 0.7739 -0.1315
vn 0.2176 0.9749 -0.0462
vn 0.2213 0.9739 -0.0513
vn -0.2167 0.9749 0.0502
vn -0.2200 0.9740 0.0541
vn -0.6055 0.7817 0.1490
vn -0.6106 0.7765 0.1557
vn -0.8730 0.4338 0.2227
vn -0.8748 0.4279 0.2270
vn -0.9679 -0.0000 0.2512
vn -0.8721 -0.4338 0.2263
vn -0.8759 -0.4277 0.2234
vn -0.6043 -0.7817 0.1541
vn -0.6125 -0.7760 0.1507
vn -0.2160 -0.9749 0.0531
vn -0.2213 -0.9739 0.0513
vn -0.2257 -0.0000 0.9742
vn 0.2257 -0.0000 0.9742
s 0
usemtl silver_metal
f 123//85 137//85 138//85
f 123//86 138//86 124//86
f 124//87 138//87 139//87
f 124//88 139//88 125//88
f 125//89 139//89 140//89
f 125//90 140//90 126//90
f 126//91 140//91 141//91
f 126//91 141//91 127//91
f 127//92 141//92 142//92
f 127//93 142//93 128//93
f 128//94 142//94 143//94
f 128//95 143//95 129//95
f 129//96 143//96 144//96
f 129//97 144//97 130//97
f 130//98 144//98 145//98
f 130//99 145//99 131//99
f 131//100 145//100 146//100
f 131//101 146//101 132//101
f 132//102 146//102 147//102
f 132//103 147//103 133//103
f 133//104 147//104 148//104
f 133//104 148//104 134//104
f 134//105 148//105 149//105
f 134//106 149//106 135//106
f 135//107 149//107 150//107
f 135//108 150//108 136//108
f 136//109 150//109 137//109
f 136//110 137//110 123//110
f 137//111 151//111 152//111
f 137//112 152//112 138//112
f 138//113 152//113 153//113
f 138//114 153//114 139//114
f 139//115 153//115 154//115
f 139//116 154//116 140//116
f 140//117 154//117 155//117
f 140//117 155//117 141//117
f 141//118 155//118 156//118
f 141//119 156//119 142//119
f 142//120 156//120 157//120
f 142//121 157//121 143//121
f 143//122 157//122 158//122
f 143//123 158//123 144//123
f 144//124 158//124 159//124
f 144//125 159//125 145//125
f 145//126 159//126 160//126
f 145//127 160//127 146//127
f 146//128 160//128 161//128
f 146//129 161//129 147//129
f 147//130 161//130 162//130
f 147//130 162//130 148//130
f 148//131 162//131 163//131
f 148//132 163//132 149//132
f 149//133 163//133 164//133
f 149//134 164//134 150//134
f 150//135 164//135 151//135
f 150//136 151//136 137//136
f 151//137 165//137 166//137
f 151//138 166//138 152//138
f 152//139 166//139 167//139
f 152//140 167//140 153//140
f 153//141 167//141 168//141
f 153//142 168//142 154//142
f 154//143 168//143 169//143
f 154//143 169//143 155//143
f 155//144 169//144 170//144
f 155//145 170//145 156//145
f 156//146 170//146 171//146
f 156//147 171//147 157//147
f 157//148 171//148 172//148
f 157//149 172//149 158//149
f 158//150 172//150 173//150
f 158//151 173//151 159//151
f 159//152 173//152 174//152
f 159//153 174//153 160//153
f 160//154 174//154 175//154
f 160//155 175//155 161//155
f 161//156 175//156 176//156
f 161//157 176//157 162//157
f 162//158 176//158 177//158
f 162//159 177//159 163//159
f 163//160 177//160 178//160
f 163//161 178//161 164//161
f 164//162 178//162 165//162
f 164//163 165//163 151//163
f 165//164 179//164 180//164
f 165//165 180//165 166//165
f 166//166 180//166 181//166
f 166//167 181//167 167//167
f 167//168 181//168 182//168
f 167//169 182//169 168//169
f 168//170 182//170 183//170
f 168//170 183//170 169//170
f 169//171 183//171 184//171
f 169//172 184//172 170//172
f 170//173 184//173 185//173
f 170//174 185//174 171//174
f 171//175 185//175 186//175
f 171//176 186//176 172//176
f 172//177 186//177 187//177
f 172//178 187//178 173//178
f 173//179 187//179 188//179
f 173//180 188//180 174//180
f 174//181 188//181 189//181
f 174//182 189//182 175//182
f 175//183 189//183 190//183
f 175//183 190//183 176//183
f 176//184 190//184 191//184
f 176//185 191//185 177//185
f 177//186 191//186 192//186
f 177//187 192//187 178//187
f 178//188 192//188 179//188
f 178//189 179//189 165//189
f 179//190 193//190 194//190
f 179//191 194//191 180//191
f 180//192 194//192 195//192
f 180//193 195//193 181//193
f 181//194 195//194 196//194
f 181//195 196//195 182//195
f 182//196 196//196 197//196
f 182//197 197//197 183//197
f 183//198 197//198 198//198
f 183//199 198//199 184//199
f 184//200 198//200 199//200
f 184//201 199//201 185//201
f 185//202 199//202 200//202
f 185//203 200//203 186//203
f 186//204 200//204 201//204
f 186//205 201//205 187//205
f 187//206 201//206 202//206
f 187//207 202//207 188//207
f 188//208 202//208 203//208
f 188//209 203//209 189//209
f 189//210 203//210 204//210
f 189//210 204//210 190//210
f 190//211 204//211 205//211
f 190//212 205//212 191//212
f 191//213 205//213 206//213
f 191//214 206//214 192//214
f 192//215 206//215 193//215
f 192//216 193//216 179//216
f 193//217 207//217 208//217
f 193//218 208//218 194//218
f 194//219 208//219 209//219
f 194//220 209//220 195//220
f 195//221 209//221 210//221
f 195//222 210//222 196//222
f 196//223 210//223 211//223
f 196//223 211//223 197//223
f 197//224 211//224 212//224
f 197//225 212//225 198//225
f 198//226 212//226 213//226
f 198//227 213//227 199//227
f 199//228 213//228 214//228
f 199//229 214//229 200//229
f 200//230 214//230 215//230
f 200//231 215//231 201//231
f 201//232 215//232 216//232
f 201//233 216//233 202//233
f 202//234 216//234 217//234
f 202//234 217//234 203//234
f 203//235 217//235 218//235
f 203//235 218//235 204//235
f 204//236 218//236 219//236
f 204//237 219//237 205//237
f 205//238 219//238 220//238
f 205//239 220//239 206//239
f 206//240 220//240 207//240
f 206//241 207//241 193//241
f 207//242 221//242 222//242
f 207//243 222//243 208//243
f 208//244 222//244 223//244
f 208//244 223//244 209//244
f 209//245 223//245 224//245
f 209//246 224//246 210//246
f 210//247 224//247 225//247
f 210//247 225//247 211//247
f 211//248 225//248 226//248
f 211//249 226//249 212//249
f 212//250 226//250 227//250
f 212//250 227//250 213//250
f 213//251 227//251 228//251
f 213//252 228//252 214//252
f 214//253 228//253 229//253
f 214//254 229//254 215//254
f 215//255 229//255 230//255
f 215//256 230//256 216//256
f 216//257 230//257 231//257
f 216//258 231//258 217//258
f 217//259 231//259 232//259
f 217//259 232//259 218//259
f 218//260 232//260 233//260
f 218//261 233//261 219//261
f 219//262 233//262 234//262
f 219//263 234//263 220//263
f 220//264 234//264 221//264
f 220//264 221//264 207//264
f 221//265 235//265 236//265
f 221//265 236//265 222//265
f 222//266 236//266 237//266
f 222//267 237//267 223//267
f 223//268 237//268 238//268
f 223//269 238//269 224//269
f 224//270 238//270 239//270
f 224//270 239//270 225//270
f 225//271 239//271 240//271
f 225//272 240//272 226//272
f 226//273 240//273 241//273
f 226//274 241//274 227//274
f 227//275 241//275 242//275
f 227//275 242//275 228//275
f 228//276 242//276 243//276
f 228//276 243//276 229//276
f 229//277 243//277 244//277
f 229//277 244//277 230//277
f 230//278 244//278 245//278
f 230//279 245//279 231//279
f 231//280 245//280 246//280
f 231//280 246//280 232//280
f 232//281 246//281 247//281
f 232//282 247//282 233//282
f 233//283 247//283 248//283
f 233//283 248//283 234//283
f 234//284 248//284 235//284
f 234//284 235//284 221//284
f 235//285 249//285 250//285
f 235//285 250//285 236//285
f 236//286 250//286 251//286
f 236//286 251//286 237//286
f 237//287 251//287 252//287
f 237//287 252//287 238//287
f 238//288 252//288 253//288
f 238//288 253//288 239//288
f 239//289 253//289 254//289
f 239//289 254//289 240//289
f 240//290 254//290 255//290
f 240//290 255//290 241//290
f 241//291 255//291 256//291
f 241//291 256//291 242//291
f 242//292 256//292 257//292
f 242//292 257//292 243//292
f 243//293 257//293 258//293
f 243//294 258//294 244//294
f 244//295 258//295 259//295
f 244//296 259//296 245//296
f 245//297 259//297 260//297
f 245//297 260//297 246//297
f 246//298 260//298 261//298
f 246//299 261//299 247//299
f 247//300 261//300 262//300
f 247//301 262//301 248//301
f 248//302 262//302 249//302
f 248//302 249//302 235//302
f 249//303 263//303 264//303
f 249//303 264//303 250//303
f 250//304 264//304 265//304
f 250//304 265//304 251//304
f 251//305 265//305 266//305
f 251//306 266//306 252//306
f 252//307 266//307 267//307
f 252//307 267//307 253//307
f 253//308 267//308 268//308
f 253//309 268//309 254//309
f 254//310 268//310 269//310
f 254//310 269//310 255//310
f 255//311 269//311 270//311
f 255//312 270//312 256//312
f 256//313 270//313 271//313
f 256//314 271//314 257//314
f 257//315 271//315 272//315
f 257//315 272//315 258//315
f 258//316 272//316 273//316
f 258//316 273//316 259//316
f 259//317 273//317 274//317
f 259//317 274//317 260//317
f 260//318 274//318 275//318
f 260//318 275//318 261//318
f 261//319 275//319 276//319
f 261//319 276//319 262//319
f 262//320 276//320 263//320
f 262//321 263//321 249//321
f 263//322 277//322 278//322
f 263//322 278//322 264//322
f 264//323 278//323 279//323
f 264//323 279//323 265//323
f 265//324 279//324 280//324
f 265//324 280//324 266//324
f 266//325 280//325 281//325
f 266//325 281//325 267//325
f 267//326 281//326 282//326
f 267//326 282//326 268//326
f 268//327 282//327 283//327
f 268//327 283//327 269//327
f 269//328 283//328 284//328
f 269//328 284//328 270//328
f 270//329 284//329 285//329
f 270//329 285//329 271//329
f 271//330 285//330 286//330
f 271//330 286//330 272//330
f 272//331 286//331 287//331
f 272//331 287//331 273//331
f 273//332 287//332 288//332
f 273//332 288//332 274//332
f 274//333 288//333 289//333
f 274//333 289//333 275//333
f 275//334 289//334 290//334
f 275//334 290//334 276//334
f 276//335 290//335 277//335
f 276//335 277//335 263//335
f 277//336 291//336 292//336
f 277//336 292//336 278//336
f 278//337 292//337 293//337
f 278//337 293//337 279//337
f 279//338 293//338 294//338
f 279//339 294//339 280//339
f 280//340 294//340 295//340
f 280//340 295//340 281//340
f 281//341 295//341 296//341
f 281//342 296//342 282//342
f 282//343 296//343 297//343
f 282//343 297//343 283//343
f 283//344 297//344 298//344
f 283//344 298//344 284//344
f 284//345 298//345 299//345
f 284//345 299//345 285//345
f 285//346 299//346 300//346
f 285//346 300//346 286//346
f 286//347 300//347 301//347
f 286//347 301//347 287//347
f 287//348 301//348 302//348
f 287//348 302//348 288//348
f 288//349 302//349 303//349
f 288//349 303//349 289//349
f 289//350 303//350 304//350
f 289//350 304//350 290//350
f 290//351 304//351 291//351
f 290//352 291//352 277//352
f 291//353 305//353 306//353
f 291//353 306//353 292//353
f 292//354 306//354 307//354
f 292//354 307//354 293//354
f 293//355 307//355 308//355
f 293//355 308//355 294//355
f 294//356 308//356 309//356
f 294//356 309//356 295//356
f 295//357 309//357 310//357
f 295//357 310//357 296//357
f 296//358 310//358 311//358
f 296//358 311//358 297//358
f 297//359 311//359 312//359
f 297//359 312//359 298//359
f 298//360 312//360 313//360
f 298//360 313//360 299//360
f 299//361 313//361 314//361
f 299//362 314//362 300//362
f 300//363 314//363 315//363
f 300//364 315//364 301//364
f 301//365 315//365 316//365
f 301//365 316//365 302//365
f 302//366 316//366 317//366
f 302//367 317//367 303//367
f 303//368 317//368 318//368
f 303//369 318//369 304//369
f 304//370 318//370 305//370
f 304//370 305//370 291//370
f 305//371 319//371 320//371
f 305//371 320//371 306//371
f 306//372 320//372 321//372
f 306//372 321//372 307//372
f 307//373 321//373 322//373
f 307//374 322//374 308//374
f 308//375 322//375 323//375
f 308//375 323//375 309//375
f 309//376 323//376 324//376
f 309//377 324//377 310//377
f 310//378 324//378 325//378
f 310//379 325//379 311//379
f 311//380 325//380 326//380
f 311//380 326//380 312//380
f 312//381 326//381 327//381
f 312//381 327//381 313//381
f 313//382 327//382 328//382
f 313//382 328//382 314//382
f 314//383 328//383 329//383
f 314//384 329//384 315//384
f 315//385 329//385 330//385
f 315//385 330//385 316//385
f 316//386 330//386 331//386
f 316//387 331//387 317//387
f 317//388 331//388 332//388
f 317//388 332//388 318//388
f 318//389 332//389 319//389
f 318//389 319//389 305//389
f 319//390 333//390 334//390
f 319//390 334//390 320//390
f 320//391 334//391 335//391
f 320//391 335//391 321//391
f 321//392 335//392 336//392
f 321//393 336//393 322//393
f 322//394 336//394 337//394
f 322//394 337//394 323//394
f 323//395 337//395 338//395
f 323//396 338//396 324//396
f 324//397 338//397 339//397
f 324//397 339//397 325//397
f 325//398 339//398 340//398
f 325//399 340//399 326//399
f 326//400 340//400 341//400
f 326//401 341//401 327//401
f 327//402 341//402 342//402
f 327//403 342//403 328//403
f 328//404 342//404 343//404
f 328//405 343//405 329//405
f 329//406 343//406 344//406
f 329//406 344//406 330//406
f 330//407 344//407 345//407
f 330//408 345//408 331//408
f 331//409 345//409 346//409
f 331//410 346//410 332//410
f 332//411 346//411 333//411
f 332//412 333//412 319//412
f 333//413 347//413 348//413
f 333//413 348//413 334//413
f 334//414 348//414 349//414
f 334//415 349//415 335//415
f 335//416 349//416 350//416
f 335//417 350//417 336//417
f 336//418 350//418 351//418
f 336//418 351//418 337//418
f 337//419 351//419 352//419
f 337//420 352//420 338//420
f 338//421 352//421 353//421
f 338//422 353//422 339//422
f 339//423 353//423 354//423
f 339//424 354//424 340//424
f 340//425 354//425 355//425
f 340//426 355//426 341//426
f 341//427 355//427 356//427
f 341//428 356//428 342//428
f 342//429 356//429 357//429
f 342//430 357//430 343//430
f 343//431 357//431 358//431
f 343//431 358//431 344//431
f 344//432 358//432 359//432
f 344//432 359//432 345//432
f 345//433 359//433 360//433
f 345//434 360//434 346//434
f 346//435 360//435 347//435
f 346//436 347//436 333//436
f 347//437 361//437 362//437
f 347//438 362//438 348//438
f 348//439 362//439 363//439
f 348//440 363//440 349//440
f 349//441 363//441 364//441
f 349//442 364//442 350//442
f 350//443 364//443 365//443
f 350//444 365//444 351//444
f 351//445 365//445 366//445
f 351//446 366//446 352//446
f 352//447 366//447 367//447
f 352//448 367//448 353//448
f 353//449 367//449 368//449
f 353//450 368//450 354//450
f 354//451 368//451 369//451
f 354//452 369//452 355//452
f 355//453 369//453 370//453
f 355//454 370//454 356//454
f 356//455 370//455 371//455
f 356//456 371//456 357//456
f 357//457 371//457 372//457
f 357//457 372//457 358//457
f 358//458 372//458 373//458
f 358//459 373//459 359//459
f 359//460 373//460 374//460
f 359//461 374//461 360//461
f 360//462 374//462 361//462
f 360//463 361//463 347//463
f 361//464 375//464 376//464
f 361//465 376//465 362//465
f 362//466 376//466 377//466
f 362//467 377//467 363//467
f 363//468 377//468 378//468
f 363//469 378//469 364//469
f 364//470 378//470 379//470
f 364//470 379//470 365//470
f 365//471 379//471 380//471
f 365//472 380//472 366//472
f 366//473 380//473 381//473
f 366//474 381//474 367//474
f 367//475 381//475 382//475
f 367//476 382//476 368//476
f 368//477 382//477 383//477
f 368//478 383//478 369//478
f 369//479 383//479 384//479
f 369//480 384//480 370//480
f 370//481 384//481 385//481
f 370//482 385//482 371//482
f 371//483 385//483 386//483
f 371//483 386//483 372//483
f 372//484 386//484 387//484
f 372//485 387//485 373//485
f 373//486 387//486 388//486
f 373//487 388//487 374//487
f 374//488 388//488 375//488
f 374//489 375//489 361//489
f 375//490 389//490 390//490
f 375//491 390//491 376//491
f 376//492 390//492 391//492
f 376//493 391//493 377//493
f 377//494 391//494 392//494
f 377//495 392//495 378//495
f 378//496 392//496 393//496
f 378//496 393//496 379//496
f 379//497 393//497 394//497
f 379//498 394//498 380//498
f 380//499 394//499 395//499
f 380//500 395//500 381//500
f 381//501 395//501 396//501
f 381//502 396//502 382//502
f 382//503 396//503 397//503
f 382//504 397//504 383//504
f 383//505 397//505 398//505
f 383//506 398//506 384//506
f 384//507 398//507 399//507
f 384//508 399//508 385//508
f 385//509 399//509 400//509
f 385//509 400//509 386//509
f 386//510 400//510 401//510
f 386//511 401//511 387//511
f 387//512 401//512 402//512
f 387//513 402//513 388//513
f 388//514 402//514 389//514
f 388//515 389//515 375//515
f 389//516 403//516 404//516
f 389//517 404//517 390//517
f 390//518 404//518 405//518
f 390//519 405//519 391//519
f 391//520 405//520 406//520
f 391//521 406//521 392//521
f 392//522 406//522 407//522
f 392//522 407//522 393//522
f 393//523 407//523 408//523
f 393//524 408//524 394//524
f 394//525 408//525 409//525
f 394//526 409//526 395//526
f 395//527 409//527 410//527
f 395//528 410//528 396//528
f 396//529 410//529 411//529
f 396//530 411//530 397//530
f 397//531 411//531 412//531
f 397//532 412//532 398//532
f 398//533 412//533 413//533
f 398//534 413//534 399//534
f 399//535 413//535 414//535
f 399//535 414//535 400//535
f 400//536 414//536 415//536
f 400//537 415//537 401//537
f 401//538 415//538 416//538
f 401//539 416//539 402//539
f 402//540 416//540 403//540
f 402//541 403//541 389//541
f 403//542 417//542 418//542
f 403//543 418//543 404//543
f 404//544 418//544 419//544
f 404//545 419//545 405//545
f 405//546 419//546 420//546
f 405//547 420//547 406//547
f 406//548 420//548 421//548
f 406//548 421//548 407//548
f 407//549 421//549 422//549
f 407//550 422//550 408//550
f 408//551 422//551 423//551
f 408//552 423//552 409//552
f 409//553 423//553 424//553
f 409//554 424//554 410//554
f 410//555 424//555 425//555
f 410//556 425//556 411//556
f 411//557 425//557 426//557
f 411//558 426//558 412//558
f 412//559 426//559 427//559
f 412//560 427//560 413//560
f 413//561 427//561 428//561
f 413//561 428//561 414//561
f 414//562 428//562 429//562
f 414//563 429//563 415//563
f 415//564 429//564 430//564
f 415//565 430//565 416//565
f 416//566 430//566 417//566
f 416//567 417//567 403//567
f 431//568 124//568 123//568
f 432//569 417//569 418//569
f 431//568 125//568 124//568
f 432//569 418//569 419//569
f 431//568 126//568 125//568
f 432//569 419//569 420//569
f 431//568 127//568 126//568
f 432//569 420//569 421//569
f 431//568 128//568 127//568
f 432//569 421//569 422//569
f 431//568 129//568 128//568
f 432//569 422//569 423//569
f 431//568 130//568 129//568
f 432//569 423//569 424//569
f 431//568 131//568 130//568
f 432//569 424//569 425//569
f 431//568 132//568 131//568
f 432//569 425//569 426//569
f 431//568 133//568 132//568
f 432//569 426//569 427//569
f 431//568 134//568 133//568
f 432//569 427//569 428//569
f 431//568 135//568 134//568
f 432//569 428//569 429//569
f 431//568 136//568 135//568
f 432//569 429//569 430//569
f 431//568 123//568 136//568
f 432//569 430//569 417//569
o lower_drawer_bottom_bevel_line
v -0.465000 0.155500 -0.369308
v 0.465000 0.155500 -0.369308
v 0.465000 0.167500 -0.369308
v -0.465000 0.167500 -0.369308
v -0.465000 0.155500 -0.359308
v 0.465000 0.155500 -0.359308
v 0.465000 0.167500 -0.359308
v -0.465000 0.167500 -0.359308
vn -0.0000 -0.0000 -1.0000
vn -0.0000 -0.0000 1.0000
vn -0.0000 -1.0000 -0.0000
vn -0.0000 1.0000 -0.0000
vn -1.0000 -0.0000 -0.0000
vn 1.0000 -0.0000 -0.0000
s 0
usemtl wood_edge_shadow
f 433//570 435//570 434//570
f 433//570 436//570 435//570
f 437//571 438//571 439//571
f 437//571 439//571 440//571
f 433//572 434//572 438//572
f 433//572 438//572 437//572
f 436//573 440//573 439//573
f 436//573 439//573 435//573
f 433//574 437//574 440//574
f 433//574 440//574 436//574
f 434//575 435//575 439//575
f 434//575 439//575 438//575
o lower_drawer_front_panel
v -0.460000 0.167500 -0.363808
v 0.460000 0.167500 -0.363808
v 0.460000 0.472500 -0.363808
v -0.460000 0.472500 -0.363808
v -0.460000 0.167500 -0.328808
v 0.460000 0.167500 -0.328808
v 0.460000 0.472500 -0.328808
v -0.460000 0.472500 -0.328808
vn -0.0000 -0.0000 -1.0000
vn -0.0000 -0.0000 1.0000
vn -0.0000 -1.0000 -0.0000
vn -0.0000 1.0000 -0.0000
vn -1.0000 -0.0000 -0.0000
vn 1.0000 -0.0000 -0.0000
s 0
usemtl wood_panel_light
f 441//576 443//576 442//576
f 441//576 444//576 443//576
f 445//577 446//577 447//577
f 445//577 447//577 448//577
f 441//578 442//578 446//578
f 441//578 446//578 445//578
f 444//579 448//579 447//579
f 444//579 447//579 443//579
f 441//580 445//580 448//580
f 441//580 448//580 444//580
f 442//581 443//581 447//581
f 442//581 447//581 446//581
o lower_drawer_left_bevel_line
v -0.472000 0.167500 -0.369308
v -0.460000 0.167500 -0.369308
v -0.460000 0.472500 -0.369308
v -0.472000 0.472500 -0.369308
v -0.472000 0.167500 -0.359308
v -0.460000 0.167500 -0.359308
v -0.460000 0.472500 -0.359308
v -0.472000 0.472500 -0.359308
vn -0.0000 -0.0000 -1.0000
vn -0.0000 -0.0000 1.0000
vn -0.0000 -1.0000 -0.0000
vn -0.0000 1.0000 -0.0000
vn -1.0000 -0.0000 -0.0000
vn 1.0000 -0.0000 -0.0000
s 0
usemtl wood_edge_shadow
f 449//582 451//582 450//582
f 449//582 452//582 451//582
f 453//583 454//583 455//583
f 453//583 455//583 456//583
f 449//584 450//584 454//584
f 449//584 454//584 453//584
f 452//585 456//585 455//585
f 452//585 455//585 451//585
f 449//586 453//586 456//586
f 449//586 456//586 452//586
f 450//587 451//587 455//587
f 450//587 455//587 454//587
o lower_drawer_right_bevel_line
v 0.460000 0.167500 -0.369308
v 0.472000 0.167500 -0.369308
v 0.472000 0.472500 -0.369308
v 0.460000 0.472500 -0.369308
v 0.460000 0.167500 -0.359308
v 0.472000 0.167500 -0.359308
v 0.472000 0.472500 -0.359308
v 0.460000 0.472500 -0.359308
vn -0.0000 -0.0000 -1.0000
vn -0.0000 -0.0000 1.0000
vn -0.0000 -1.0000 -0.0000
vn -0.0000 1.0000 -0.0000
vn -1.0000 -0.0000 -0.0000
vn 1.0000 -0.0000 -0.0000
s 0
usemtl wood_edge_shadow
f 457//588 459//588 458//588
f 457//588 460//588 459//588
f 461//589 462//589 463//589
f 461//589 463//589 464//589
f 457//590 458//590 462//590
f 457//590 462//590 461//590
f 460//591 464//591 463//591
f 460//591 463//591 459//591
f 457//592 461//592 464//592
f 457//592 464//592 460//592
f 458//593 459//593 463//593
f 458//593 463//593 462//593
o lower_drawer_top_bevel_line
v -0.465000 0.472500 -0.369308
v 0.465000 0.472500 -0.369308
v 0.465000 0.484500 -0.369308
v -0.465000 0.484500 -0.369308
v -0.465000 0.472500 -0.359308
v 0.465000 0.472500 -0.359308
v 0.465000 0.484500 -0.359308
v -0.465000 0.484500 -0.359308
vn -0.0000 -0.0000 -1.0000
vn -0.0000 -0.0000 1.0000
vn -0.0000 -1.0000 -0.0000
vn -0.0000 1.0000 -0.0000
vn -1.0000 -0.0000 -0.0000
vn 1.0000 -0.0000 -0.0000
s 0
usemtl wood_edge_shadow
f 465//594 467//594 466//594
f 465//594 468//594 467//594
f 469//595 470//595 471//595
f 469//595 471//595 472//595
f 465//596 466//596 470//596
f 465//596 470//596 469//596
f 468//597 472//597 471//597
f 468//597 471//597 467//597
f 465//598 469//598 472//598
f 465//598 472//598 468//598
f 466//599 467//599 471//599
f 466//599 471//599 470//599
o lower_handle_left_mount
v 0.077000 0.340000 -0.375308
v 0.076080 0.346988 -0.375308
v 0.073383 0.353500 -0.375308
v 0.069092 0.359092 -0.375308
v 0.063500 0.363383 -0.375308
v 0.056988 0.366080 -0.375308
v 0.050000 0.367000 -0.375308
v 0.043012 0.366080 -0.375308
v 0.036500 0.363383 -0.375308
v 0.030908 0.359092 -0.375308
v 0.026617 0.353500 -0.375308
v 0.023920 0.346988 -0.375308
v 0.023000 0.340000 -0.375308
v 0.023920 0.333012 -0.375308
v 0.026617 0.326500 -0.375308
v 0.030908 0.320908 -0.375308
v 0.036500 0.316617 -0.375308
v 0.043012 0.313920 -0.375308
v 0.050000 0.313000 -0.375308
v 0.056988 0.313920 -0.375308
v 0.063500 0.316617 -0.375308
v 0.069092 0.320908 -0.375308
v 0.073383 0.326500 -0.375308
v 0.076080 0.333012 -0.375308
v 0.077000 0.340000 -0.357308
v 0.076080 0.346988 -0.357308
v 0.073383 0.353500 -0.357308
v 0.069092 0.359092 -0.357308
v 0.063500 0.363383 -0.357308
v 0.056988 0.366080 -0.357308
v 0.050000 0.367000 -0.357308
v 0.043012 0.366080 -0.357308
v 0.036500 0.363383 -0.357308
v 0.030908 0.359092 -0.357308
v 0.026617 0.353500 -0.357308
v 0.023920 0.346988 -0.357308
v 0.023000 0.340000 -0.357308
v 0.023920 0.333012 -0.357308
v 0.026617 0.326500 -0.357308
v 0.030908 0.320908 -0.357308
v 0.036500 0.316617 -0.357308
v 0.043012 0.313920 -0.357308
v 0.050000 0.313000 -0.357308
v 0.056988 0.313920 -0.357308
v 0.063500 0.316617 -0.357308
v 0.069092 0.320908 -0.357308
v 0.073383 0.326500 -0.357308
v 0.076080 0.333012 -0.357308
v 0.050000 0.340000 -0.375308
v 0.050000 0.340000 -0.357308
vn 0.9914 0.1305 -0.0000
vn -0.0000 -0.0000 -1.0000
vn -0.0000 -0.0000 1.0000
vn 0.9239 0.3826 -0.0000
vn 0.7933 0.6088 -0.0000
vn 0.6088 0.7933 -0.0000
vn 0.3826 0.9239 -0.0000
vn 0.1305 0.9914 -0.0000
vn -0.1305 0.9914 -0.0000
vn -0.3826 0.9239 -0.0000
vn -0.6088 0.7933 -0.0000
vn -0.7933 0.6088 -0.0000
vn -0.9239 0.3826 -0.0000
vn -0.9914 0.1305 -0.0000
vn -0.9914 -0.1305 -0.0000
vn -0.9239 -0.3826 -0.0000
vn -0.7933 -0.6088 -0.0000
vn -0.6088 -0.7933 -0.0000
vn -0.3826 -0.9239 -0.0000
vn -0.1305 -0.9914 -0.0000
vn 0.1305 -0.9914 -0.0000
vn 0.3826 -0.9239 -0.0000
vn 0.6088 -0.7933 -0.0000
vn 0.7933 -0.6088 -0.0000
vn 0.9239 -0.3826 -0.0000
vn 0.9914 -0.1305 -0.0000
s 0
usemtl silver_metal
f 473//600 474//600 498//600
f 473//600 498//600 497//600
f 521//601 474//601 473//601
f 522//602 497//602 498//602
f 474//603 475//603 499//603
f 474//603 499//603 498//603
f 521//601 475//601 474//601
f 522//602 498//602 499//602
f 475//604 476//604 500//604
f 475//604 500//604 499//604
f 521//601 476//601 475//601
f 522//602 499//602 500//602
f 476//605 477//605 501//605
f 476//605 501//605 500//605
f 521//601 477//601 476//601
f 522//602 500//602 501//602
f 477//606 478//606 502//606
f 477//606 502//606 501//606
f 521//601 478//601 477//601
f 522//602 501//602 502//602
f 478//607 479//607 503//607
f 478//607 503//607 502//607
f 521//601 479//601 478//601
f 522//602 502//602 503//602
f 479//608 480//608 504//608
f 479//608 504//608 503//608
f 521//601 480//601 479//601
f 522//602 503//602 504//602
f 480//609 481//609 505//609
f 480//609 505//609 504//609
f 521//601 481//601 480//601
f 522//602 504//602 505//602
f 481//610 482//610 506//610
f 481//610 506//610 505//610
f 521//601 482//601 481//601
f 522//602 505//602 506//602
f 482//611 483//611 507//611
f 482//611 507//611 506//611
f 521//601 483//601 482//601
f 522//602 506//602 507//602
f 483//612 484//612 508//612
f 483//612 508//612 507//612
f 521//601 484//601 483//601
f 522//602 507//602 508//602
f 484//613 485//613 509//613
f 484//613 509//613 508//613
f 521//601 485//601 484//601
f 522//602 508//602 509//602
f 485//614 486//614 510//614
f 485//614 510//614 509//614
f 521//601 486//601 485//601
f 522//602 509//602 510//602
f 486//615 487//615 511//615
f 486//615 511//615 510//615
f 521//601 487//601 486//601
f 522//602 510//602 511//602
f 487//616 488//616 512//616
f 487//616 512//616 511//616
f 521//601 488//601 487//601
f 522//602 511//602 512//602
f 488//617 489//617 513//617
f 488//617 513//617 512//617
f 521//601 489//601 488//601
f 522//602 512//602 513//602
f 489//618 490//618 514//618
f 489//618 514//618 513//618
f 521//601 490//601 489//601
f 522//602 513//602 514//602
f 490//619 491//619 515//619
f 490//619 515//619 514//619
f 521//601 491//601 490//601
f 522//602 514//602 515//602
f 491//620 492//620 516//620
f 491//620 516//620 515//620
f 521//601 492//601 491//601
f 522//602 515//602 516//602
f 492//621 493//621 517//621
f 492//621 517//621 516//621
f 521//601 493//601 492//601
f 522//602 516//602 517//602
f 493//622 494//622 518//622
f 493//622 518//622 517//622
f 521//601 494//601 493//601
f 522//602 517//602 518//602
f 494//623 495//623 519//623
f 494//623 519//623 518//623
f 521//601 495//601 494//601
f 522//602 518//602 519//602
f 495//624 496//624 520//624
f 495//624 520//624 519//624
f 521//601 496//601 495//601
f 522//602 519//602 520//602
f 496//625 473//625 497//625
f 496//625 497//625 520//625
f 521//601 473//601 496//601
f 522//602 520//602 497//602
o lower_handle_right_mount
v 0.417000 0.340000 -0.375308
v 0.416080 0.346988 -0.375308
v 0.413383 0.353500 -0.375308
v 0.409092 0.359092 -0.375308
v 0.403500 0.363383 -0.375308
v 0.396988 0.366080 -0.375308
v 0.390000 0.367000 -0.375308
v 0.383012 0.366080 -0.375308
v 0.376500 0.363383 -0.375308
v 0.370908 0.359092 -0.375308
v 0.366617 0.353500 -0.375308
v 0.363920 0.346988 -0.375308
v 0.363000 0.340000 -0.375308
v 0.363920 0.333012 -0.375308
v 0.366617 0.326500 -0.375308
v 0.370908 0.320908 -0.375308
v 0.376500 0.316617 -0.375308
v 0.383012 0.313920 -0.375308
v 0.390000 0.313000 -0.375308
v 0.396988 0.313920 -0.375308
v 0.403500 0.316617 -0.375308
v 0.409092 0.320908 -0.375308
v 0.413383 0.326500 -0.375308
v 0.416080 0.333012 -0.375308
v 0.417000 0.340000 -0.357308
v 0.416080 0.346988 -0.357308
v 0.413383 0.353500 -0.357308
v 0.409092 0.359092 -0.357308
v 0.403500 0.363383 -0.357308
v 0.396988 0.366080 -0.357308
v 0.390000 0.367000 -0.357308
v 0.383012 0.366080 -0.357308
v 0.376500 0.363383 -0.357308
v 0.370908 0.359092 -0.357308
v 0.366617 0.353500 -0.357308
v 0.363920 0.346988 -0.357308
v 0.363000 0.340000 -0.357308
v 0.363920 0.333012 -0.357308
v 0.366617 0.326500 -0.357308
v 0.370908 0.320908 -0.357308
v 0.376500 0.316617 -0.357308
v 0.383012 0.313920 -0.357308
v 0.390000 0.313000 -0.357308
v 0.396988 0.313920 -0.357308
v 0.403500 0.316617 -0.357308
v 0.409092 0.320908 -0.357308
v 0.413383 0.326500 -0.357308
v 0.416080 0.333012 -0.357308
v 0.390000 0.340000 -0.375308
v 0.390000 0.340000 -0.357308
vn 0.9914 0.1305 -0.0000
vn -0.0000 -0.0000 -1.0000
vn -0.0000 -0.0000 1.0000
vn 0.9239 0.3826 -0.0000
vn 0.7933 0.6088 -0.0000
vn 0.6088 0.7934 -0.0000
vn 0.6088 0.7933 -0.0000
vn 0.3826 0.9239 -0.0000
vn 0.1305 0.9914 -0.0000
vn -0.1305 0.9914 -0.0000
vn -0.3826 0.9239 -0.0000
vn -0.6088 0.7933 -0.0000
vn -0.7933 0.6088 -0.0000
vn -0.9239 0.3826 -0.0000
vn -0.9914 0.1305 -0.0000
vn -0.9914 -0.1305 -0.0000
vn -0.9239 -0.3826 -0.0000
vn -0.7933 -0.6088 -0.0000
vn -0.6088 -0.7933 -0.0000
vn -0.3826 -0.9239 -0.0000
vn -0.1305 -0.9914 -0.0000
vn 0.1305 -0.9914 -0.0000
vn 0.3826 -0.9239 -0.0000
vn 0.6088 -0.7933 -0.0000
vn 0.7933 -0.6088 -0.0000
vn 0.9239 -0.3826 -0.0000
vn 0.9914 -0.1305 -0.0000
s 0
usemtl silver_metal
f 523//626 524//626 548//626
f 523//626 548//626 547//626
f 571//627 524//627 523//627
f 572//628 547//628 548//628
f 524//629 525//629 549//629
f 524//629 549//629 548//629
f 571//627 525//627 524//627
f 572//628 548//628 549//628
f 525//630 526//630 550//630
f 525//630 550//630 549//630
f 571//627 526//627 525//627
f 572//628 549//628 550//628
f 526//631 527//631 551//631
f 526//632 551//632 550//632
f 571//627 527//627 526//627
f 572//628 550//628 551//628
f 527//633 528//633 552//633
f 527//633 552//633 551//633
f 571//627 528//627 527//627
f 572//628 551//628 552//628
f 528//634 529//634 553//634
f 528//634 553//634 552//634
f 571//627 529//627 528//627
f 572//628 552//628 553//628
f 529//635 530//635 554//635
f 529//635 554//635 553//635
f 571//627 530//627 529//627
f 572//628 553//628 554//628
f 530//636 531//636 555//636
f 530//636 555//636 554//636
f 571//627 531//627 530//627
f 572//628 554//628 555//628
f 531//637 532//637 556//637
f 531//637 556//637 555//637
f 571//627 532//627 531//627
f 572//628 555//628 556//628
f 532//638 533//638 557//638
f 532//638 557//638 556//638
f 571//627 533//627 532//627
f 572//628 556//628 557//628
f 533//639 534//639 558//639
f 533//639 558//639 557//639
f 571//627 534//627 533//627
f 572//628 557//628 558//628
f 534//640 535//640 559//640
f 534//640 559//640 558//640
f 571//627 535//627 534//627
f 572//628 558//628 559//628
f 535//641 536//641 560//641
f 535//641 560//641 559//641
f 571//627 536//627 535//627
f 572//628 559//628 560//628
f 536//642 537//642 561//642
f 536//642 561//642 560//642
f 571//627 537//627 536//627
f 572//628 560//628 561//628
f 537//643 538//643 562//643
f 537//643 562//643 561//643
f 571//627 538//627 537//627
f 572//628 561//628 562//628
f 538//644 539//644 563//644
f 538//644 563//644 562//644
f 571//627 539//627 538//627
f 572//628 562//628 563//628
f 539//645 540//645 564//645
f 539//645 564//645 563//645
f 571//627 540//627 539//627
f 572//628 563//628 564//628
f 540//646 541//646 565//646
f 540//646 565//646 564//646
f 571//627 541//627 540//627
f 572//628 564//628 565//628
f 541//647 542//647 566//647
f 541//647 566//647 565//647
f 571//627 542//627 541//627
f 572//628 565//628 566//628
f 542//648 543//648 567//648
f 542//648 567//648 566//648
f 571//627 543//627 542//627
f 572//628 566//628 567//628
f 543//649 544//649 568//649
f 543//649 568//649 567//649
f 571//627 544//627 543//627
f 572//628 567//628 568//628
f 544//650 545//650 569//650
f 544//650 569//650 568//650
f 571//627 545//627 544//627
f 572//628 568//628 569//628
f 545//651 546//651 570//651
f 545//651 570//651 569//651
f 571//627 546//627 545//627
f 572//628 569//628 570//628
f 546//652 523//652 547//652
f 546//652 547//652 570//652
f 571//627 523//627 546//627
f 572//628 570//628 547//628
o recessed_bottom_shadow
v -0.470000 0.076000 -0.388000
v 0.470000 0.076000 -0.388000
v 0.470000 0.094000 -0.388000
v -0.470000 0.094000 -0.388000
v -0.470000 0.076000 -0.376000
v 0.470000 0.076000 -0.376000
v 0.470000 0.094000 -0.376000
v -0.470000 0.094000 -0.376000
vn -0.0000 -0.0000 -1.0000
vn -0.0000 -0.0000 1.0000
vn -0.0000 -1.0000 -0.0000
vn -0.0000 1.0000 -0.0000
vn -1.0000 -0.0000 -0.0000
vn 1.0000 -0.0000 -0.0000
s 0
usemtl dark_gap
f 573//653 575//653 574//653
f 573//653 576//653 575//653
f 577//654 578//654 579//654
f 577//654 579//654 580//654
f 573//655 574//655 578//655
f 573//655 578//655 577//655
f 576//656 580//656 579//656
f 576//656 579//656 575//656
f 573//657 577//657 580//657
f 573//657 580//657 576//657
f 574//658 575//658 579//658
f 574//658 579//658 578//658
o right_vertical_front_shadow
v 0.478000 0.130000 -0.374308
v 0.492000 0.130000 -0.374308
v 0.492000 0.810000 -0.374308
v 0.478000 0.810000 -0.374308
v 0.478000 0.130000 -0.362308
v 0.492000 0.130000 -0.362308
v 0.492000 0.810000 -0.362308
v 0.478000 0.810000 -0.362308
vn -0.0000 -0.0000 -1.0000
vn -0.0000 -0.0000 1.0000
vn -0.0000 -1.0000 -0.0000
vn -0.0000 1.0000 -0.0000
vn -1.0000 -0.0000 -0.0000
vn 1.0000 -0.0000 -0.0000
s 0
usemtl dark_gap
f 581//659 583//659 582//659
f 581//659 584//659 583//659
f 585//660 586//660 587//660
f 585//660 587//660 588//660
f 581//661 582//661 586//661
f 581//661 586//661 585//661
f 584//662 588//662 587//662
f 584//662 587//662 583//662
f 581//663 585//663 588//663
f 581//663 588//663 584//663
f 582//664 583//664 587//664
f 582//664 587//664 586//664
o round_black_lock
v -0.343000 0.705000 -0.393308
v -0.343562 0.711425 -0.393308
v -0.345231 0.717655 -0.393308
v -0.347957 0.723500 -0.393308
v -0.351656 0.728783 -0.393308
v -0.356217 0.733344 -0.393308
v -0.361500 0.737043 -0.393308
v -0.367345 0.739769 -0.393308
v -0.373575 0.741438 -0.393308
v -0.380000 0.742000 -0.393308
v -0.386425 0.741438 -0.393308
v -0.392655 0.739769 -0.393308
v -0.398500 0.737043 -0.393308
v -0.403783 0.733344 -0.393308
v -0.408344 0.728783 -0.393308
v -0.412043 0.723500 -0.393308
v -0.414769 0.717655 -0.393308
v -0.416438 0.711425 -0.393308
v -0.417000 0.705000 -0.393308
v -0.416438 0.698575 -0.393308
v -0.414769 0.692345 -0.393308
v -0.412043 0.686500 -0.393308
v -0.408344 0.681217 -0.393308
v -0.403783 0.676656 -0.393308
v -0.398500 0.672957 -0.393308
v -0.392655 0.670231 -0.393308
v -0.386425 0.668562 -0.393308
v -0.380000 0.668000 -0.393308
v -0.373575 0.668562 -0.393308
v -0.367345 0.670231 -0.393308
v -0.361500 0.672957 -0.393308
v -0.356217 0.676656 -0.393308
v -0.351656 0.681217 -0.393308
v -0.347957 0.686500 -0.393308
v -0.345231 0.692345 -0.393308
v -0.343562 0.698575 -0.393308
v -0.343000 0.705000 -0.365308
v -0.343562 0.711425 -0.365308
v -0.345231 0.717655 -0.365308
v -0.347957 0.723500 -0.365308
v -0.351656 0.728783 -0.365308
v -0.356217 0.733344 -0.365308
v -0.361500 0.737043 -0.365308
v -0.367345 0.739769 -0.365308
v -0.373575 0.741438 -0.365308
v -0.380000 0.742000 -0.365308
v -0.386425 0.741438 -0.365308
v -0.392655 0.739769 -0.365308
v -0.398500 0.737043 -0.365308
v -0.403783 0.733344 -0.365308
v -0.408344 0.728783 -0.365308
v -0.412043 0.723500 -0.365308
v -0.414769 0.717655 -0.365308
v -0.416438 0.711425 -0.365308
v -0.417000 0.705000 -0.365308
v -0.416438 0.698575 -0.365308
v -0.414769 0.692345 -0.365308
v -0.412043 0.686500 -0.365308
v -0.408344 0.681217 -0.365308
v -0.403783 0.676656 -0.365308
v -0.398500 0.672957 -0.365308
v -0.392655 0.670231 -0.365308
v -0.386425 0.668562 -0.365308
v -0.380000 0.668000 -0.365308
v -0.373575 0.668562 -0.365308
v -0.367345 0.670231 -0.365308
v -0.361500 0.672957 -0.365308
v -0.356217 0.676656 -0.365308
v -0.351656 0.681217 -0.365308
v -0.347957 0.686500 -0.365308
v -0.345231 0.692345 -0.365308
v -0.343562 0.698575 -0.365308
v -0.380000 0.705000 -0.393308
v -0.380000 0.705000 -0.365308
vn 0.9962 0.0871 -0.0000
vn -0.0000 -0.0000 -1.0000
vn -0.0000 -0.0000 1.0000
vn 0.9659 0.2588 -0.0000
vn 0.9063 0.4227 -0.0000
vn 0.8192 0.5736 -0.0000
vn 0.7071 0.7071 -0.0000
vn 0.5736 0.8192 -0.0000
vn 0.4227 0.9063 -0.0000
vn 0.2588 0.9659 -0.0000
vn 0.0871 0.9962 -0.0000
vn -0.0871 0.9962 -0.0000
vn -0.2588 0.9659 -0.0000
vn -0.4227 0.9063 -0.0000
vn -0.5736 0.8192 -0.0000
vn -0.7071 0.7071 -0.0000
vn -0.8192 0.5736 -0.0000
vn -0.9063 0.4227 -0.0000
vn -0.9659 0.2588 -0.0000
vn -0.9962 0.0871 -0.0000
vn -0.9962 -0.0871 -0.0000
vn -0.9659 -0.2588 -0.0000
vn -0.9063 -0.4227 -0.0000
vn -0.8192 -0.5735 -0.0000
vn -0.8192 -0.5736 -0.0000
vn -0.7071 -0.7071 -0.0000
vn -0.5736 -0.8192 -0.0000
vn -0.4227 -0.9063 -0.0000
vn -0.2588 -0.9659 -0.0000
vn -0.0871 -0.9962 -0.0000
vn 0.0871 -0.9962 -0.0000
vn 0.2588 -0.9659 -0.0000
vn 0.4227 -0.9063 -0.0000
vn 0.5736 -0.8192 -0.0000
vn 0.7071 -0.7071 -0.0000
vn 0.8192 -0.5736 -0.0000
vn 0.9063 -0.4227 -0.0000
vn 0.9659 -0.2588 -0.0000
vn 0.9962 -0.0871 -0.0000
s 0
usemtl black_plastic
f 589//665 590//665 626//665
f 589//665 626//665 625//665
f 661//666 590//666 589//666
f 662//667 625//667 626//667
f 590//668 591//668 627//668
f 590//668 627//668 626//668
f 661//666 591//666 590//666
f 662//667 626//667 627//667
f 591//669 592//669 628//669
f 591//669 628//669 627//669
f 661//666 592//666 591//666
f 662//667 627//667 628//667
f 592//670 593//670 629//670
f 592//670 629//670 628//670
f 661//666 593//666 592//666
f 662//667 628//667 629//667
f 593//671 594//671 630//671
f 593//671 630//671 629//671
f 661//666 594//666 593//666
f 662//667 629//667 630//667
f 594//672 595//672 631//672
f 594//672 631//672 630//672
f 661//666 595//666 594//666
f 662//667 630//667 631//667
f 595//673 596//673 632//673
f 595//673 632//673 631//673
f 661//666 596//666 595//666
f 662//667 631//667 632//667
f 596//674 597//674 633//674
f 596//674 633//674 632//674
f 661//666 597//666 596//666
f 662//667 632//667 633//667
f 597//675 598//675 634//675
f 597//675 634//675 633//675
f 661//666 598//666 597//666
f 662//667 633//667 634//667
f 598//676 599//676 635//676
f 598//676 635//676 634//676
f 661//666 599//666 598//666
f 662//667 634//667 635//667
f 599//677 600//677 636//677
f 599//677 636//677 635//677
f 661//666 600//666 599//666
f 662//667 635//667 636//667
f 600//678 601//678 637//678
f 600//678 637//678 636//678
f 661//666 601//666 600//666
f 662//667 636//667 637//667
f 601//679 602//679 638//679
f 601//679 638//679 637//679
f 661//666 602//666 601//666
f 662//667 637//667 638//667
f 602//680 603//680 639//680
f 602//680 639//680 638//680
f 661//666 603//666 602//666
f 662//667 638//667 639//667
f 603//681 604//681 640//681
f 603//681 640//681 639//681
f 661//666 604//666 603//666
f 662//667 639//667 640//667
f 604//682 605//682 641//682
f 604//682 641//682 640//682
f 661//666 605//666 604//666
f 662//667 640//667 641//667
f 605//683 606//683 642//683
f 605//683 642//683 641//683
f 661//666 606//666 605//666
f 662//667 641//667 642//667
f 606//684 607//684 643//684
f 606//684 643//684 642//684
f 661//666 607//666 606//666
f 662//667 642//667 643//667
f 607//685 608//685 644//685
f 607//685 644//685 643//685
f 661//666 608//666 607//666
f 662//667 643//667 644//667
f 608//686 609//686 645//686
f 608//686 645//686 644//686
f 661//666 609//666 608//666
f 662//667 644//667 645//667
f 609//687 610//687 646//687
f 609//687 646//687 645//687
f 661//666 610//666 609//666
f 662//667 645//667 646//667
f 610//688 611//688 647//688
f 610//689 647//689 646//689
f 661//666 611//666 610//666
f 662//667 646//667 647//667
f 611//690 612//690 648//690
f 611//690 648//690 647//690
f 661//666 612//666 611//666
f 662//667 647//667 648//667
f 612//691 613//691 649//691
f 612//691 649//691 648//691
f 661//666 613//666 612//666
f 662//667 648//667 649//667
f 613//692 614//692 650//692
f 613//692 650//692 649//692
f 661//666 614//666 613//666
f 662//667 649//667 650//667
f 614//693 615//693 651//693
f 614//693 651//693 650//693
f 661//666 615//666 614//666
f 662//667 650//667 651//667
f 615//694 616//694 652//694
f 615//694 652//694 651//694
f 661//666 616//666 615//666
f 662//667 651//667 652//667
f 616//695 617//695 653//695
f 616//695 653//695 652//695
f 661//666 617//666 616//666
f 662//667 652//667 653//667
f 617//696 618//696 654//696
f 617//696 654//696 653//696
f 661//666 618//666 617//666
f 662//667 653//667 654//667
f 618//697 619//697 655//697
f 618//697 655//697 654//697
f 661//666 619//666 618//666
f 662//667 654//667 655//667
f 619//698 620//698 656//698
f 619//698 656//698 655//698
f 661//666 620//666 619//666
f 662//667 655//667 656//667
f 620//699 621//699 657//699
f 620//699 657//699 656//699
f 661//666 621//666 620//666
f 662//667 656//667 657//667
f 621//700 622//700 658//700
f 621//700 658//700 657//700
f 661//666 622//666 621//666
f 662//667 657//667 658//667
f 622//701 623//701 659//701
f 622//701 659//701 658//701
f 661//666 623//666 622//666
f 662//667 658//667 659//667
f 623//702 624//702 660//702
f 623//702 660//702 659//702
f 661//666 624//666 623//666
f 662//667 659//667 660//667
f 624//703 589//703 625//703
f 624//703 625//703 660//703
f 661//666 589//666 624//666
f 662//667 660//667 625//667
o small_key_ring
v -0.341000 0.647000 -0.409308
v -0.342172 0.647000 -0.406480
v -0.345000 0.647000 -0.405308
v -0.347828 0.647000 -0.406480
v -0.349000 0.647000 -0.409308
v -0.347828 0.647000 -0.412136
v -0.345000 0.647000 -0.413308
v -0.342172 0.647000 -0.412136
v -0.341532 0.653078 -0.409308
v -0.342686 0.652874 -0.406480
v -0.345471 0.652383 -0.405308
v -0.348256 0.651892 -0.406480
v -0.349410 0.651689 -0.409308
v -0.348256 0.651892 -0.412136
v -0.345471 0.652383 -0.413308
v -0.342686 0.652874 -0.412136
v -0.343111 0.658971 -0.409308
v -0.344212 0.658570 -0.406480
v -0.346870 0.657603 -0.405308
v -0.349527 0.656635 -0.406480
v -0.350628 0.656235 -0.409308
v -0.349527 0.656635 -0.412136
v -0.346870 0.657603 -0.413308
v -0.344212 0.658570 -0.412136
v -0.345689 0.664500 -0.409308
v -0.346704 0.663914 -0.406480
v -0.349153 0.662500 -0.405308
v -0.351603 0.661086 -0.406480
v -0.352617 0.660500 -0.409308
v -0.351603 0.661086 -0.412136
v -0.349153 0.662500 -0.413308
v -0.346704 0.663914 -0.412136
v -0.349188 0.669498 -0.409308
v -0.350086 0.668744 -0.406480
v -0.352253 0.666926 -0.405308
v -0.354419 0.665108 -0.406480
v -0.355317 0.664355 -0.409308
v -0.354419 0.665108 -0.412136
v -0.352253 0.666926 -0.413308
v -0.350086 0.668744 -0.412136
v -0.353502 0.673812 -0.409308
v -0.354256 0.672914 -0.406480
v -0.356074 0.670747 -0.405308
v -0.357892 0.668581 -0.406480
v -0.358645 0.667683 -0.409308
v -0.357892 0.668581 -0.412136
v -0.356074 0.670747 -0.413308
v -0.354256 0.672914 -0.412136
v -0.358500 0.677311 -0.409308
v -0.359086 0.676296 -0.406480
v -0.360500 0.673847 -0.405308
v -0.361914 0.671397 -0.406480
v -0.362500 0.670383 -0.409308
v -0.361914 0.671397 -0.412136
v -0.360500 0.673847 -0.413308
v -0.359086 0.676296 -0.412136
v -0.364029 0.679889 -0.409308
v -0.364430 0.678788 -0.406480
v -0.365397 0.676130 -0.405308
v -0.366365 0.673473 -0.406480
v -0.366765 0.672372 -0.409308
v -0.366365 0.673473 -0.412136
v -0.365397 0.676130 -0.413308
v -0.364430 0.678788 -0.412136
v -0.369922 0.681468 -0.409308
v -0.370126 0.680314 -0.406480
v -0.370617 0.677529 -0.405308
v -0.371108 0.674744 -0.406480
v -0.371311 0.673590 -0.409308
v -0.371108 0.674744 -0.412136
v -0.370617 0.677529 -0.413308
v -0.370126 0.680314 -0.412136
v -0.376000 0.682000 -0.409308
v -0.376000 0.680828 -0.406480
v -0.376000 0.678000 -0.405308
v -0.376000 0.675172 -0.406480
v -0.376000 0.674000 -0.409308
v -0.376000 0.675172 -0.412136
v -0.376000 0.678000 -0.413308
v -0.376000 0.680828 -0.412136
v -0.382078 0.681468 -0.409308
v -0.381874 0.680314 -0.406480
v -0.381383 0.677529 -0.405308
v -0.380892 0.674744 -0.406480
v -0.380689 0.673590 -0.409308
v -0.380892 0.674744 -0.412136
v -0.381383 0.677529 -0.413308
v -0.381874 0.680314 -0.412136
v -0.387971 0.679889 -0.409308
v -0.387570 0.678788 -0.406480
v -0.386603 0.676130 -0.405308
v -0.385635 0.673473 -0.406480
v -0.385235 0.672372 -0.409308
v -0.385635 0.673473 -0.412136
v -0.386603 0.676130 -0.413308
v -0.387570 0.678788 -0.412136
v -0.393500 0.677311 -0.409308
v -0.392914 0.676296 -0.406480
v -0.391500 0.673847 -0.405308
v -0.390086 0.671397 -0.406480
v -0.389500 0.670383 -0.409308
v -0.390086 0.671397 -0.412136
v -0.391500 0.673847 -0.413308
v -0.392914 0.676296 -0.412136
v -0.398498 0.673812 -0.409308
v -0.397744 0.672914 -0.406480
v -0.395926 0.670747 -0.405308
v -0.394108 0.668581 -0.406480
v -0.393355 0.667683 -0.409308
v -0.394108 0.668581 -0.412136
v -0.395926 0.670747 -0.413308
v -0.397744 0.672914 -0.412136
v -0.402812 0.669498 -0.409308
v -0.401914 0.668744 -0.406480
v -0.399747 0.666926 -0.405308
v -0.397581 0.665108 -0.406480
v -0.396683 0.664355 -0.409308
v -0.397581 0.665108 -0.412136
v -0.399747 0.666926 -0.413308
v -0.401914 0.668744 -0.412136
v -0.406311 0.664500 -0.409308
v -0.405296 0.663914 -0.406480
v -0.402847 0.662500 -0.405308
v -0.400397 0.661086 -0.406480
v -0.399383 0.660500 -0.409308
v -0.400397 0.661086 -0.412136
v -0.402847 0.662500 -0.413308
v -0.405296 0.663914 -0.412136
v -0.408889 0.658971 -0.409308
v -0.407788 0.658570 -0.406480
v -0.405130 0.657603 -0.405308
v -0.402473 0.656635 -0.406480
v -0.401372 0.656235 -0.409308
v -0.402473 0.656635 -0.412136
v -0.405130 0.657603 -0.413308
v -0.407788 0.658570 -0.412136
v -0.410468 0.653078 -0.409308
v -0.409314 0.652874 -0.406480
v -0.406529 0.652383 -0.405308
v -0.403744 0.651892 -0.406480
v -0.402590 0.651689 -0.409308
v -0.403744 0.651892 -0.412136
v -0.406529 0.652383 -0.413308
v -0.409314 0.652874 -0.412136
v -0.411000 0.647000 -0.409308
v -0.409828 0.647000 -0.406480
v -0.407000 0.647000 -0.405308
v -0.404172 0.647000 -0.406480
v -0.403000 0.647000 -0.409308
v -0.404172 0.647000 -0.412136
v -0.407000 0.647000 -0.413308
v -0.409828 0.647000 -0.412136
v -0.410468 0.640922 -0.409308
v -0.409314 0.641126 -0.406480
v -0.406529 0.641617 -0.405308
v -0.403744 0.642108 -0.406480
v -0.402590 0.642311 -0.409308
v -0.403744 0.642108 -0.412136
v -0.406529 0.641617 -0.413308
v -0.409314 0.641126 -0.412136
v -0.408889 0.635029 -0.409308
v -0.407788 0.635430 -0.406480
v -0.405130 0.636397 -0.405308
v -0.402473 0.637365 -0.406480
v -0.401372 0.637765 -0.409308
v -0.402473 0.637365 -0.412136
v -0.405130 0.636397 -0.413308
v -0.407788 0.635430 -0.412136
v -0.406311 0.629500 -0.409308
v -0.405296 0.630086 -0.406480
v -0.402847 0.631500 -0.405308
v -0.400397 0.632914 -0.406480
v -0.399383 0.633500 -0.409308
v -0.400397 0.632914 -0.412136
v -0.402847 0.631500 -0.413308
v -0.405296 0.630086 -0.412136
v -0.402812 0.624502 -0.409308
v -0.401914 0.625256 -0.406480
v -0.399747 0.627074 -0.405308
v -0.397581 0.628892 -0.406480
v -0.396683 0.629645 -0.409308
v -0.397581 0.628892 -0.412136
v -0.399747 0.627074 -0.413308
v -0.401914 0.625256 -0.412136
v -0.398498 0.620188 -0.409308
v -0.397744 0.621086 -0.406480
v -0.395926 0.623253 -0.405308
v -0.394108 0.625419 -0.406480
v -0.393355 0.626317 -0.409308
v -0.394108 0.625419 -0.412136
v -0.395926 0.623253 -0.413308
v -0.397744 0.621086 -0.412136
v -0.393500 0.616689 -0.409308
v -0.392914 0.617704 -0.406480
v -0.391500 0.620153 -0.405308
v -0.390086 0.622603 -0.406480
v -0.389500 0.623617 -0.409308
v -0.390086 0.622603 -0.412136
v -0.391500 0.620153 -0.413308
v -0.392914 0.617704 -0.412136
v -0.387971 0.614111 -0.409308
v -0.387570 0.615212 -0.406480
v -0.386603 0.617870 -0.405308
v -0.385635 0.620527 -0.406480
v -0.385235 0.621628 -0.409308
v -0.385635 0.620527 -0.412136
v -0.386603 0.617870 -0.413308
v -0.387570 0.615212 -0.412136
v -0.382078 0.612532 -0.409308
v -0.381874 0.613686 -0.406480
v -0.381383 0.616471 -0.405308
v -0.380892 0.619256 -0.406480
v -0.380689 0.620410 -0.409308
v -0.380892 0.619256 -0.412136
v -0.381383 0.616471 -0.413308
v -0.381874 0.613686 -0.412136
v -0.376000 0.612000 -0.409308
v -0.376000 0.613172 -0.406480
v -0.376000 0.616000 -0.405308
v -0.376000 0.618828 -0.406480
v -0.376000 0.620000 -0.409308
v -0.376000 0.618828 -0.412136
v -0.376000 0.616000 -0.413308
v -0.376000 0.613172 -0.412136
v -0.369922 0.612532 -0.409308
v -0.370126 0.613686 -0.406480
v -0.370617 0.616471 -0.405308
v -0.371108 0.619256 -0.406480
v -0.371311 0.620410 -0.409308
v -0.371108 0.619256 -0.412136
v -0.370617 0.616471 -0.413308
v -0.370126 0.613686 -0.412136
v -0.364029 0.614111 -0.409308
v -0.364430 0.615212 -0.406480
v -0.365397 0.617870 -0.405308
v -0.366365 0.620527 -0.406480
v -0.366765 0.621628 -0.409308
v -0.366365 0.620527 -0.412136
v -0.365397 0.617870 -0.413308
v -0.364430 0.615212 -0.412136
v -0.358500 0.616689 -0.409308
v -0.359086 0.617704 -0.406480
v -0.360500 0.620153 -0.405308
v -0.361914 0.622603 -0.406480
v -0.362500 0.623617 -0.409308
v -0.361914 0.622603 -0.412136
v -0.360500 0.620153 -0.413308
v -0.359086 0.617704 -0.412136
v -0.353502 0.620188 -0.409308
v -0.354256 0.621086 -0.406480
v -0.356074 0.623253 -0.405308
v -0.357892 0.625419 -0.406480
v -0.358645 0.626317 -0.409308
v -0.357892 0.625419 -0.412136
v -0.356074 0.623253 -0.413308
v -0.354256 0.621086 -0.412136
v -0.349188 0.624502 -0.409308
v -0.350086 0.625256 -0.406480
v -0.352253 0.627074 -0.405308
v -0.354419 0.628892 -0.406480
v -0.355317 0.629645 -0.409308
v -0.354419 0.628892 -0.412136
v -0.352253 0.627074 -0.413308
v -0.350086 0.625256 -0.412136
v -0.345689 0.629500 -0.409308
v -0.346704 0.630086 -0.406480
v -0.349153 0.631500 -0.405308
v -0.351603 0.632914 -0.406480
v -0.352617 0.633500 -0.409308
v -0.351603 0.632914 -0.412136
v -0.349153 0.631500 -0.413308
v -0.346704 0.630086 -0.412136
v -0.343111 0.635029 -0.409308
v -0.344212 0.635430 -0.406480
v -0.346870 0.636397 -0.405308
v -0.349527 0.637365 -0.406480
v -0.350628 0.637765 -0.409308
v -0.349527 0.637365 -0.412136
v -0.346870 0.636397 -0.413308
v -0.344212 0.635430 -0.412136
v -0.341532 0.640922 -0.409308
v -0.342686 0.641126 -0.406480
v -0.345471 0.641617 -0.405308
v -0.348256 0.642108 -0.406480
v -0.349410 0.642311 -0.409308
v -0.348256 0.642108 -0.412136
v -0.345471 0.641617 -0.413308
v -0.342686 0.641126 -0.412136
vn 0.9208 0.0806 0.3816
vn 0.3826 0.0335 0.9233
vn 0.3827 0.0335 0.9233
vn -0.3826 -0.0335 0.9233
vn -0.3827 -0.0335 0.9233
vn -0.9208 -0.0806 0.3815
vn -0.9208 -0.0805 0.3816
vn -0.9208 -0.0805 -0.3815
vn -0.9208 -0.0806 -0.3816
vn -0.3827 -0.0335 -0.9233
vn -0.3826 -0.0335 -0.9233
vn 0.3827 0.0335 -0.9233
vn 0.3826 0.0335 -0.9233
vn 0.9208 0.0806 -0.3816
vn 0.8929 0.2392 0.3815
vn 0.8928 0.2392 0.3816
vn 0.3710 0.0994 0.9233
vn -0.3710 -0.0994 0.9233
vn -0.8929 -0.2393 0.3815
vn -0.8929 -0.2392 0.3815
vn -0.8929 -0.2392 -0.3815
vn -0.3711 -0.0994 -0.9233
vn -0.3710 -0.0994 -0.9233
vn 0.3710 0.0994 -0.9233
vn 0.8929 0.2392 -0.3815
vn 0.8928 0.2392 -0.3816
vn 0.8377 0.3906 0.3816
vn 0.8377 0.3907 0.3815
vn 0.3481 0.1623 0.9233
vn -0.3480 -0.1623 0.9233
vn -0.3481 -0.1624 0.9233
vn -0.8378 -0.3907 0.3814
vn -0.8378 -0.3907 -0.3814
vn -0.3480 -0.1623 -0.9233
vn -0.3481 -0.1623 -0.9233
vn 0.3481 0.1623 -0.9233
vn 0.8377 0.3906 -0.3816
vn 0.7572 0.5301 0.3817
vn 0.7572 0.5302 0.3816
vn 0.3146 0.2203 0.9233
vn 0.3146 0.2204 0.9233
vn -0.3146 -0.2204 0.9233
vn -0.3146 -0.2202 0.9233
vn -0.7572 -0.5301 0.3816
vn -0.7572 -0.5303 0.3814
vn -0.7571 -0.5303 -0.3816
vn -0.7573 -0.5302 -0.3814
vn -0.3147 -0.2203 -0.9233
vn -0.3145 -0.2203 -0.9233
vn 0.3146 0.2203 -0.9233
vn 0.7571 0.5301 -0.3817
vn 0.7572 0.5301 -0.3816
vn 0.6535 0.6535 0.3818
vn 0.6536 0.6536 0.3818
vn 0.2715 0.2715 0.9233
vn -0.2716 -0.2716 0.9233
vn -0.6536 -0.6536 0.3815
vn -0.6536 -0.6536 0.3816
vn -0.6536 -0.6536 -0.3816
vn -0.2716 -0.2716 -0.9233
vn 0.2715 0.2715 -0.9233
vn 0.6536 0.6535 -0.3818
vn 0.6535 0.6536 -0.3818
vn 0.5301 0.7572 0.3816
vn 0.5301 0.7571 0.3817
vn 0.2203 0.3146 0.9233
vn 0.2203 0.3145 0.9233
vn -0.2203 -0.3145 0.9233
vn -0.2203 -0.3147 0.9233
vn -0.5302 -0.7573 0.3814
vn -0.5303 -0.7571 0.3816
vn -0.5303 -0.7572 -0.3814
vn -0.5301 -0.7572 -0.3816
vn -0.2202 -0.3146 -0.9233
vn -0.2204 -0.3146 -0.9233
vn 0.2204 0.3146 -0.9233
vn 0.2203 0.3146 -0.9233
vn 0.5302 0.7572 -0.3816
vn 0.5301 0.7572 -0.3818
vn 0.3906 0.8378 0.3815
vn 0.3906 0.8377 0.3817
vn 0.1623 0.3481 0.9233
vn -0.1623 -0.3481 0.9233
vn -0.1623 -0.3480 0.9233
vn -0.3907 -0.8378 0.3814
vn -0.3907 -0.8378 -0.3815
vn -0.3908 -0.8378 -0.3813
vn -0.1624 -0.3481 -0.9233
vn -0.1622 -0.3480 -0.9233
vn 0.1623 0.3481 -0.9233
vn 0.3906 0.8377 -0.3816
vn 0.2392 0.8928 0.3816
vn 0.2392 0.8929 0.3815
vn 0.0994 0.3710 0.9233
vn 0.0994 0.3709 0.9233
vn -0.0994 -0.3710 0.9233
vn -0.2393 -0.8929 0.3815
vn -0.2392 -0.8929 0.3815
vn -0.2392 -0.8929 -0.3815
vn -0.2393 -0.8929 -0.3815
vn -0.0994 -0.3710 -0.9233
vn 0.0994 0.3710 -0.9233
vn 0.2392 0.8929 -0.3816
vn 0.0806 0.9208 0.3816
vn 0.0335 0.3826 0.9233
vn -0.0335 -0.3826 0.9233
vn -0.0335 -0.3827 0.9233
vn -0.0806 -0.9208 0.3816
vn -0.0805 -0.9208 0.3815
vn -0.0805 -0.9208 -0.3816
vn -0.0806 -0.9208 -0.3815
vn -0.0335 -0.3826 -0.9233
vn -0.0335 -0.3827 -0.9233
vn 0.0335 0.3826 -0.9233
vn 0.0806 0.9208 -0.3817
vn 0.0806 0.9208 -0.3815
vn -0.0806 0.9208 0.3815
vn -0.0806 0.9208 0.3816
vn -0.0335 0.3826 0.9233
vn 0.0335 -0.3827 0.9233
vn 0.0335 -0.3826 0.9233
vn 0.0806 -0.9208 0.3815
vn 0.0805 -0.9208 0.3816
vn 0.0805 -0.9208 -0.3816
vn 0.0806 -0.9208 -0.3816
vn 0.0335 -0.3827 -0.9233
vn 0.0335 -0.3826 -0.9233
vn -0.0335 0.3826 -0.9233
vn -0.0335 0.3827 -0.9233
vn -0.0806 0.9208 -0.3816
vn -0.2392 0.8929 0.3816
vn -0.0994 0.3710 0.9233
vn 0.0995 -0.3710 0.9233
vn 0.0994 -0.3710 0.9233
vn 0.2393 -0.8929 0.3815
vn 0.2392 -0.8929 0.3815
vn 0.2392 -0.8929 -0.3815
vn 0.2393 -0.8929 -0.3815
vn 0.0994 -0.3710 -0.9233
vn -0.0994 0.3709 -0.9233
vn -0.0994 0.3710 -0.9233
vn -0.2392 0.8929 -0.3815
vn -0.2392 0.8928 -0.3816
vn -0.3906 0.8377 0.3816
vn -0.3907 0.8377 0.3816
vn -0.1624 0.3481 0.9233
vn -0.1623 0.3481 0.9233
vn 0.1622 -0.3480 0.9233
vn 0.1624 -0.3481 0.9233
vn 0.3908 -0.8378 0.3813
vn 0.3907 -0.8378 0.3815
vn 0.3907 -0.8378 -0.3814
vn 0.3908 -0.8378 -0.3814
vn 0.1623 -0.3480 -0.9233
vn 0.1623 -0.3481 -0.9233
vn -0.1623 0.3481 -0.9233
vn -0.3906 0.8377 -0.3816
vn -0.3906 0.8378 -0.3816
vn -0.5301 0.7571 0.3818
vn -0.5302 0.7572 0.3816
vn -0.2203 0.3146 0.9233
vn -0.2204 0.3146 0.9233
vn 0.2204 -0.3146 0.9233
vn 0.2203 -0.3146 0.9233
vn 0.5301 -0.7572 0.3816
vn 0.5303 -0.7572 0.3814
vn 0.5303 -0.7571 -0.3816
vn 0.5302 -0.7573 -0.3814
vn 0.2203 -0.3147 -0.9233
vn 0.2203 -0.3145 -0.9233
vn -0.2203 0.3146 -0.9233
vn -0.5301 0.7571 -0.3817
vn -0.5301 0.7572 -0.3816
vn -0.6535 0.6536 0.3818
vn -0.6536 0.6536 0.3818
vn -0.2715 0.2715 0.9233
vn 0.2716 -0.2716 0.9233
vn 0.6536 -0.6536 0.3816
vn 0.6536 -0.6536 -0.3816
vn 0.6536 -0.6536 -0.3815
vn 0.2716 -0.2716 -0.9233
vn -0.2715 0.2715 -0.9233
vn -0.2716 0.2715 -0.9233
vn -0.6536 0.6535 -0.3818
vn -0.6535 0.6536 -0.3818
vn -0.7572 0.5301 0.3816
vn -0.7571 0.5301 0.3817
vn -0.3146 0.2203 0.9233
vn 0.3145 -0.2203 0.9233
vn 0.3147 -0.2203 0.9233
vn 0.7573 -0.5302 0.3814
vn 0.7571 -0.5303 0.3816
vn 0.7572 -0.5303 -0.3814
vn 0.7572 -0.5301 -0.3816
vn 0.3146 -0.2202 -0.9233
vn 0.3146 -0.2204 -0.9233
vn -0.3146 0.2204 -0.9233
vn -0.3146 0.2203 -0.9233
vn -0.7572 0.5302 -0.3816
vn -0.7572 0.5301 -0.3817
vn -0.8378 0.3906 0.3815
vn -0.8377 0.3906 0.3816
vn -0.3481 0.1623 0.9233
vn -0.3482 0.1623 0.9233
vn 0.3482 -0.1623 0.9233
vn 0.3480 -0.1623 0.9233
vn 0.8378 -0.3907 0.3814
vn 0.8378 -0.3907 0.3813
vn 0.8378 -0.3907 -0.3814
vn 0.8378 -0.3908 -0.3814
vn 0.3481 -0.1624 -0.9233
vn 0.3480 -0.1623 -0.9233
vn -0.3481 0.1623 -0.9233
vn -0.8377 0.3906 -0.3815
vn -0.8377 0.3906 -0.3816
vn -0.8928 0.2392 0.3816
vn -0.8929 0.2392 0.3815
vn -0.3710 0.0994 0.9233
vn 0.3710 -0.0994 0.9233
vn 0.8929 -0.2393 0.3815
vn 0.8929 -0.2392 0.3815
vn 0.8929 -0.2392 -0.3815
vn 0.8929 -0.2393 -0.3815
vn 0.3710 -0.0994 -0.9233
vn -0.3710 0.0994 -0.9233
vn -0.8928 0.2392 -0.3816
vn -0.8929 0.2392 -0.3815
vn -0.9208 0.0806 0.3816
vn -0.3826 0.0335 0.9233
vn 0.3827 -0.0335 0.9233
vn 0.3826 -0.0335 0.9233
vn 0.9208 -0.0806 0.3816
vn 0.9208 -0.0805 0.3815
vn 0.9208 -0.0805 -0.3816
vn 0.9208 -0.0806 -0.3815
vn 0.3827 -0.0335 -0.9233
vn 0.3826 -0.0335 -0.9233
vn -0.3826 0.0335 -0.9233
vn -0.3827 0.0335 -0.9233
vn -0.9208 0.0806 -0.3816
vn -0.9208 -0.0806 0.3816
vn 0.9208 0.0806 0.3815
vn 0.9208 0.0805 0.3816
vn 0.9208 0.0805 -0.3815
vn -0.8928 -0.2392 0.3816
vn 0.8929 0.2393 0.3815
vn 0.8929 0.2393 -0.3815
vn 0.3711 0.0994 -0.9233
vn -0.8928 -0.2392 -0.3816
vn -0.8377 -0.3906 0.3816
vn -0.8377 -0.3906 0.3815
vn -0.3481 -0.1623 0.9233
vn 0.3481 0.1624 0.9233
vn 0.8378 0.3908 0.3814
vn 0.8378 0.3907 0.3814
vn 0.8378 0.3907 -0.3814
vn 0.3480 0.1623 -0.9233
vn -0.8377 -0.3906 -0.3816
vn -0.8378 -0.3906 -0.3815
vn -0.7572 -0.5301 0.3818
vn -0.7571 -0.5302 0.3816
vn -0.3146 -0.2203 0.9233
vn 0.3146 0.2202 0.9233
vn 0.7572 0.5301 0.3816
vn 0.7572 0.5303 0.3814
vn 0.7571 0.5303 -0.3816
vn 0.7573 0.5302 -0.3814
vn 0.3147 0.2203 -0.9233
vn 0.3145 0.2203 -0.9233
vn -0.3146 -0.2203 -0.9233
vn -0.7571 -0.5301 -0.3818
vn -0.7572 -0.5301 -0.3816
vn -0.6535 -0.6535 0.3818
vn -0.6536 -0.6536 0.3817
vn -0.2715 -0.2715 0.9233
vn 0.2716 0.2716 0.9233
vn 0.6536 0.6536 0.3816
vn 0.6536 0.6536 -0.3816
vn 0.2716 0.2716 -0.9233
vn -0.6536 -0.6535 -0.3818
vn -0.6535 -0.6535 -0.3818
vn -0.5301 -0.7572 0.3816
vn -0.5301 -0.7571 0.3818
vn -0.2203 -0.3146 0.9233
vn 0.2203 0.3147 0.9233
vn 0.5302 0.7573 0.3814
vn 0.5303 0.7571 0.3816
vn 0.5303 0.7572 -0.3814
vn -0.2203 -0.3146 -0.9233
vn -0.5302 -0.7572 -0.3816
vn -0.5301 -0.7571 -0.3818
vn -0.3906 -0.8378 0.3815
vn -0.3906 -0.8377 0.3816
vn 0.1623 0.3480 0.9233
vn 0.3907 0.8378 0.3814
vn 0.3907 0.8378 -0.3814
vn 0.3908 0.8378 -0.3814
vn 0.1624 0.3481 -0.9233
vn -0.1623 -0.3481 -0.9233
vn -0.3907 -0.8377 -0.3816
vn -0.3906 -0.8377 -0.3816
vn -0.2392 -0.8928 0.3816
vn 0.2393 0.8929 0.3815
vn 0.2392 0.8929 -0.3815
vn 0.2393 0.8929 -0.3815
vn -0.2392 -0.8928 -0.3816
vn 0.0805 0.9208 0.3816
vn 0.0805 0.9208 -0.3816
vn -0.0806 -0.9208 -0.3816
vn 0.0806 -0.9208 0.3816
vn -0.0805 0.9208 0.3816
vn -0.0805 0.9208 -0.3816
vn 0.2392 -0.8928 0.3816
vn -0.2393 0.8929 0.3815
vn -0.2392 0.8929 0.3815
vn -0.2393 0.8929 -0.3815
vn 0.2392 -0.8929 -0.3816
vn 0.2392 -0.8928 -0.3816
vn 0.3906 -0.8377 0.3816
vn 0.1623 -0.3481 0.9233
vn -0.3907 0.8378 0.3814
vn -0.3907 0.8378 -0.3814
vn -0.3907 0.8378 -0.3815
vn -0.1623 0.3480 -0.9233
vn 0.3906 -0.8377 -0.3816
vn 0.3906 -0.8378 -0.3816
vn 0.5301 -0.7572 0.3818
vn 0.5302 -0.7572 0.3816
vn -0.5301 0.7572 0.3816
vn -0.5303 0.7572 0.3814
vn -0.5303 0.7571 -0.3816
vn -0.5302 0.7572 -0.3814
vn -0.2203 0.3147 -0.9233
vn -0.2203 0.3145 -0.9233
vn 0.2203 -0.3146 -0.9233
vn 0.5301 -0.7571 -0.3818
vn 0.5301 -0.7572 -0.3816
vn 0.6535 -0.6535 0.3818
vn 0.6536 -0.6535 0.3818
vn 0.2715 -0.2715 0.9233
vn -0.2716 0.2716 0.9233
vn -0.6536 0.6536 0.3816
vn -0.6536 0.6536 -0.3816
vn -0.2716 0.2716 -0.9233
vn 0.2716 -0.2715 -0.9233
vn 0.6536 -0.6535 -0.3817
vn 0.6535 -0.6535 -0.3818
vn 0.7572 -0.5301 0.3816
vn 0.7571 -0.5301 0.3818
vn 0.3146 -0.2203 0.9233
vn -0.3145 0.2203 0.9233
vn -0.3147 0.2203 0.9233
vn -0.7573 0.5302 0.3814
vn -0.7571 0.5303 0.3816
vn -0.7572 0.5303 -0.3814
vn -0.7572 0.5301 -0.3816
vn -0.3146 0.2202 -0.9233
vn 0.3146 -0.2203 -0.9233
vn 0.7572 -0.5302 -0.3816
vn 0.7572 -0.5301 -0.3818
vn 0.8378 -0.3906 0.3815
vn 0.8377 -0.3906 0.3816
vn 0.3481 -0.1623 0.9233
vn -0.3480 0.1623 0.9233
vn -0.8378 0.3907 0.3814
vn -0.8378 0.3907 -0.3814
vn -0.3481 0.1624 -0.9233
vn 0.3481 -0.1623 -0.9233
vn 0.8377 -0.3907 -0.3815
vn 0.8377 -0.3906 -0.3816
vn 0.8928 -0.2392 0.3816
vn -0.8929 0.2393 0.3815
vn -0.8929 0.2393 -0.3815
vn 0.8928 -0.2392 -0.3816
vn -0.3827 0.0335 0.9233
vn -0.9208 0.0805 0.3815
vn -0.9208 0.0805 -0.3816
vn -0.9208 0.0806 -0.3815
vn 0.9208 -0.0806 -0.3816
s 0
usemtl dark_key
f 663//704 671//704 672//704
f 663//704 672//704 664//704
f 664//705 672//705 673//705
f 664//706 673//706 665//706
f 665//707 673//707 674//707
f 665//708 674//708 666//708
f 666//709 674//709 675//709
f 666//710 675//710 667//710
f 667//711 675//711 676//711
f 667//712 676//712 668//712
f 668//713 676//713 677//713
f 668//714 677//714 669//714
f 669//715 677//715 678//715
f 669//716 678//716 670//716
f 670//717 678//717 671//717
f 670//717 671//717 663//717
f 671//718 679//718 680//718
f 671//719 680//719 672//719
f 672//720 680//720 681//720
f 672//720 681//720 673//720
f 673//721 681//721 682//721
f 673//721 682//721 674//721
f 674//722 682//722 683//722
f 674//723 683//723 675//723
f 675//724 683//724 684//724
f 675//724 684//724 676//724
f 676//725 684//725 685//725
f 676//726 685//726 677//726
f 677//727 685//727 686//727
f 677//727 686//727 678//727
f 678//728 686//728 679//728
f 678//729 679//729 671//729
f 679//730 687//730 688//730
f 679//731 688//731 680//731
f 680//732 688//732 689//732
f 680//732 689//732 681//732
f 681//733 689//733 690//733
f 681//734 690//734 682//734
f 682//735 690//735 691//735
f 682//735 691//735 683//735
f 683//736 691//736 692//736
f 683//736 692//736 684//736
f 684//737 692//737 693//737
f 684//738 693//738 685//738
f 685//739 693//739 694//739
f 685//739 694//739 686//739
f 686//740 694//740 687//740
f 686//740 687//740 679//740
f 687//741 695//741 696//741
f 687//742 696//742 688//742
f 688//743 696//743 697//743
f 688//744 697//744 689//744
f 689//745 697//745 698//745
f 689//746 698//746 690//746
f 690//747 698//747 699//747
f 690//748 699//748 691//748
f 691//749 699//749 700//749
f 691//750 700//750 692//750
f 692//751 700//751 701//751
f 692//752 701//752 693//752
f 693//753 701//753 702//753
f 693//753 702//753 694//753
f 694//754 702//754 695//754
f 694//755 695//755 687//755
f 695//756 703//756 704//756
f 695//757 704//757 696//757
f 696//758 704//758 705//758
f 696//758 705//758 697//758
f 697//759 705//759 706//759
f 697//759 706//759 698//759
f 698//760 706//760 707//760
f 698//761 707//761 699//761
f 699//762 707//762 708//762
f 699//762 708//762 700//762
f 700//763 708//763 709//763
f 700//763 709//763 701//763
f 701//764 709//764 710//764
f 701//764 710//764 702//764
f 702//765 710//765 703//765
f 702//766 703//766 695//766
f 703//767 711//767 712//767
f 703//768 712//768 704//768
f 704//769 712//769 713//769
f 704//770 713//770 705//770
f 705//771 713//771 714//771
f 705//772 714//772 706//772
f 706//773 714//773 715//773
f 706//774 715//774 707//774
f 707//775 715//775 716//775
f 707//776 716//776 708//776
f 708//777 716//777 717//777
f 708//778 717//778 709//778
f 709//779 717//779 718//779
f 709//780 718//780 710//780
f 710//781 718//781 711//781
f 710//782 711//782 703//782
f 711//783 719//783 720//783
f 711//784 720//784 712//784
f 712//785 720//785 721//785
f 712//785 721//785 713//785
f 713//786 721//786 722//786
f 713//787 722//787 714//787
f 714//788 722//788 723//788
f 714//788 723//788 715//788
f 715//789 723//789 724//789
f 715//790 724//790 716//790
f 716//791 724//791 725//791
f 716//792 725//792 717//792
f 717//793 725//793 726//793
f 717//793 726//793 718//793
f 718//794 726//794 719//794
f 718//794 719//794 711//794
f 719//795 727//795 728//795
f 719//796 728//796 720//796
f 720//797 728//797 729//797
f 720//798 729//798 721//798
f 721//799 729//799 730//799
f 721//799 730//799 722//799
f 722//800 730//800 731//800
f 722//801 731//801 723//801
f 723//802 731//802 732//802
f 723//803 732//803 724//803
f 724//804 732//804 733//804
f 724//804 733//804 725//804
f 725//805 733//805 734//805
f 725//805 734//805 726//805
f 726//806 734//806 727//806
f 726//806 727//806 719//806
f 727//807 735//807 736//807
f 727//807 736//807 728//807
f 728//808 736//808 737//808
f 728//808 737//808 729//808
f 729//809 737//809 738//809
f 729//810 738//810 730//810
f 730//811 738//811 739//811
f 730//812 739//812 731//812
f 731//813 739//813 740//813
f 731//814 740//814 732//814
f 732//815 740//815 741//815
f 732//816 741//816 733//816
f 733//817 741//817 742//817
f 733//817 742//817 734//817
f 734//818 742//818 735//818
f 734//819 735//819 727//819
f 735//820 743//820 744//820
f 735//821 744//821 736//821
f 736//822 744//822 745//822
f 736//822 745//822 737//822
f 737//823 745//823 746//823
f 737//824 746//824 738//824
f 738//825 746//825 747//825
f 738//826 747//826 739//826
f 739//827 747//827 748//827
f 739//828 748//828 740//828
f 740//829 748//829 749//829
f 740//830 749//830 741//830
f 741//831 749//831 750//831
f 741//832 750//832 742//832
f 742//833 750//833 743//833
f 742//833 743//833 735//833
f 743//834 751//834 752//834
f 743//834 752//834 744//834
f 744//835 752//835 753//835
f 744//835 753//835 745//835
f 745//836 753//836 754//836
f 745//837 754//837 746//837
f 746//838 754//838 755//838
f 746//839 755//839 747//839
f 747//840 755//840 756//840
f 747//841 756//841 748//841
f 748//842 756//842 757//842
f 748//842 757//842 749//842
f 749//843 757//843 758//843
f 749//844 758//844 750//844
f 750//845 758//845 751//845
f 750//846 751//846 743//846
f 751//847 759//847 760//847
f 751//848 760//848 752//848
f 752//849 760//849 761//849
f 752//850 761//850 753//850
f 753//851 761//851 762//851
f 753//852 762//852 754//852
f 754//853 762//853 763//853
f 754//854 763//854 755//854
f 755//855 763//855 764//855
f 755//856 764//856 756//856
f 756//857 764//857 765//857
f 756//858 765//858 757//858
f 757//859 765//859 766//859
f 757//859 766//859 758//859
f 758//860 766//860 759//860
f 758//861 759//861 751//861
f 759//862 767//862 768//862
f 759//863 768//863 760//863
f 760//864 768//864 769//864
f 760//865 769//865 761//865
f 761//866 769//866 770//866
f 761//867 770//867 762//867
f 762//868 770//868 771//868
f 762//869 771//869 763//869
f 763//870 771//870 772//870
f 763//871 772//871 764//871
f 764//872 772//872 773//872
f 764//873 773//873 765//873
f 765//874 773//874 774//874
f 765//874 774//874 766//874
f 766//875 774//875 767//875
f 766//876 767//876 759//876
f 767//877 775//877 776//877
f 767//878 776//878 768//878
f 768//879 776//879 777//879
f 768//879 777//879 769//879
f 769//880 777//880 778//880
f 769//880 778//880 770//880
f 770//881 778//881 779//881
f 770//881 779//881 771//881
f 771//882 779//882 780//882
f 771//883 780//883 772//883
f 772//884 780//884 781//884
f 772//884 781//884 773//884
f 773//885 781//885 782//885
f 773//886 782//886 774//886
f 774//887 782//887 775//887
f 774//888 775//888 767//888
f 775//889 783//889 784//889
f 775//890 784//890 776//890
f 776//891 784//891 785//891
f 776//891 785//891 777//891
f 777//892 785//892 786//892
f 777//893 786//893 778//893
f 778//894 786//894 787//894
f 778//895 787//895 779//895
f 779//896 787//896 788//896
f 779//897 788//897 780//897
f 780//898 788//898 789//898
f 780//899 789//899 781//899
f 781//900 789//900 790//900
f 781//901 790//901 782//901
f 782//902 790//902 783//902
f 782//903 783//903 775//903
f 783//904 791//904 792//904
f 783//905 792//905 784//905
f 784//906 792//906 793//906
f 784//907 793//907 785//907
f 785//908 793//908 794//908
f 785//909 794//909 786//909
f 786//910 794//910 795//910
f 786//911 795//911 787//911
f 787//912 795//912 796//912
f 787//913 796//913 788//913
f 788//914 796//914 797//914
f 788//915 797//915 789//915
f 789//916 797//916 798//916
f 789//916 798//916 790//916
f 790//917 798//917 791//917
f 790//918 791//918 783//918
f 791//919 799//919 800//919
f 791//920 800//920 792//920
f 792//921 800//921 801//921
f 792//921 801//921 793//921
f 793//922 801//922 802//922
f 793//922 802//922 794//922
f 794//923 802//923 803//923
f 794//924 803//924 795//924
f 795//925 803//925 804//925
f 795//926 804//926 796//926
f 796//927 804//927 805//927
f 796//927 805//927 797//927
f 797//928 805//928 806//928
f 797//928 806//928 798//928
f 798//929 806//929 799//929
f 798//930 799//930 791//930
f 799//931 807//931 808//931
f 799//931 808//931 800//931
f 800//932 808//932 809//932
f 800//932 809//932 801//932
f 801//933 809//933 810//933
f 801//934 810//934 802//934
f 802//935 810//935 811//935
f 802//936 811//936 803//936
f 803//937 811//937 812//937
f 803//938 812//938 804//938
f 804//939 812//939 813//939
f 804//940 813//940 805//940
f 805//941 813//941 814//941
f 805//942 814//942 806//942
f 806//943 814//943 807//943
f 806//943 807//943 799//943
f 807//944 815//944 816//944
f 807//944 816//944 808//944
f 808//707 816//707 817//707
f 808//708 817//708 809//708
f 809//705 817//705 818//705
f 809//706 818//706 810//706
f 810//945 818//945 819//945
f 810//946 819//946 811//946
f 811//947 819//947 820//947
f 811//717 820//717 812//717
f 812//715 820//715 821//715
f 812//716 821//716 813//716
f 813//714 821//714 822//714
f 813//714 822//714 814//714
f 814//712 822//712 815//712
f 814//712 815//712 807//712
f 815//722 823//722 824//722
f 815//948 824//948 816//948
f 816//721 824//721 825//721
f 816//721 825//721 817//721
f 817//720 825//720 826//720
f 817//720 826//720 818//720
f 818//949 826//949 827//949
f 818//718 827//718 819//718
f 819//728 827//728 828//728
f 819//950 828//950 820//950
f 820//951 828//951 829//951
f 820//727 829//727 821//727
f 821//726 829//726 830//726
f 821//726 830//726 822//726
f 822//724 830//724 823//724
f 822//952 823//952 815//952
f 823//953 831//953 832//953
f 823//954 832//954 824//954
f 824//955 832//955 833//955
f 824//955 833//955 825//955
f 825//732 833//732 834//732
f 825//956 834//956 826//956
f 826//957 834//957 835//957
f 826//958 835//958 827//958
f 827//959 835//959 836//959
f 827//959 836//959 828//959
f 828//960 836//960 837//960
f 828//739 837//739 829//739
f 829//738 837//738 838//738
f 829//738 838//738 830//738
f 830//961 838//961 831//961
f 830//962 831//962 823//962
f 831//963 839//963 840//963
f 831//964 840//964 832//964
f 832//965 840//965 841//965
f 832//745 841//745 833//745
f 833//744 841//744 842//744
f 833//966 842//966 834//966
f 834//967 842//967 843//967
f 834//968 843//968 835//968
f 835//969 843//969 844//969
f 835//970 844//970 836//970
f 836//971 844//971 845//971
f 836//972 845//972 837//972
f 837//973 845//973 846//973
f 837//973 846//973 838//973
f 838//974 846//974 839//974
f 838//975 839//975 831//975
f 839//976 847//976 848//976
f 839//977 848//977 840//977
f 840//759 848//759 849//759
f 840//978 849//978 841//978
f 841//979 849//979 850//979
f 841//979 850//979 842//979
f 842//980 850//980 851//980
f 842//980 851//980 843//980
f 843//981 851//981 852//981
f 843//981 852//981 844//981
f 844//982 852//982 853//982
f 844//982 853//982 845//982
f 845//763 853//763 854//763
f 845//763 854//763 846//763
f 846//983 854//983 847//983
f 846//984 847//984 839//984
f 847//985 855//985 856//985
f 847//986 856//986 848//986
f 848//987 856//987 857//987
f 848//987 857//987 849//987
f 849//770 857//770 858//770
f 849//988 858//988 850//988
f 850//989 858//989 859//989
f 850//990 859//990 851//990
f 851//991 859//991 860//991
f 851//781 860//781 852//781
f 852//780 860//780 861//780
f 852//779 861//779 853//779
f 853//778 861//778 862//778
f 853//992 862//992 854//992
f 854//993 862//993 855//993
f 854//994 855//994 847//994
f 855//995 863//995 864//995
f 855//996 864//996 856//996
f 856//786 864//786 865//786
f 856//786 865//786 857//786
f 857//785 865//785 866//785
f 857//997 866//997 858//997
f 858//998 866//998 867//998
f 858//998 867//998 859//998
f 859//999 867//999 868//999
f 859//1000 868//1000 860//1000
f 860//1001 868//1001 869//1001
f 860//793 869//793 861//793
f 861//1002 869//1002 870//1002
f 861//1002 870//1002 862//1002
f 862//1003 870//1003 863//1003
f 862//1004 863//1004 855//1004
f 863//1005 871//1005 872//1005
f 863//801 872//801 864//801
f 864//799 872//799 873//799
f 864//799 873//799 865//799
f 865//797 873//797 874//797
f 865//797 874//797 866//797
f 866//1006 874//1006 875//1006
f 866//796 875//796 867//796
f 867//1007 875//1007 876//1007
f 867//1008 876//1008 868//1008
f 868//805 876//805 877//805
f 868//805 877//805 869//805
f 869//804 877//804 878//804
f 869//804 878//804 870//804
f 870//1009 878//1009 871//1009
f 870//802 871//802 863//802
f 871//811 879//811 880//811
f 871//811 880//811 872//811
f 872//809 880//809 881//809
f 872//810 881//810 873//810
f 873//808 881//808 882//808
f 873//808 882//808 874//808
f 874//807 882//807 883//807
f 874//1010 883//1010 875//1010
f 875//1011 883//1011 884//1011
f 875//819 884//819 876//819
f 876//817 884//817 885//817
f 876//817 885//817 877//817
f 877//815 885//815 886//815
f 877//815 886//815 878//815
f 878//1012 886//1012 879//1012
f 878//1012 879//1012 871//1012
f 879//1013 887//1013 888//1013
f 879//1013 888//1013 880//1013
f 880//824 888//824 889//824
f 880//824 889//824 881//824
f 881//822 889//822 890//822
f 881//822 890//822 882//822
f 882//820 890//820 891//820
f 882//1014 891//1014 883//1014
f 883//1015 891//1015 892//1015
f 883//833 892//833 884//833
f 884//831 892//831 893//831
f 884//831 893//831 885//831
f 885//830 893//830 894//830
f 885//830 894//830 886//830
f 886//828 894//828 887//828
f 886//828 887//828 879//828
f 887//839 895//839 896//839
f 887//1016 896//1016 888//1016
f 888//837 896//837 897//837
f 888//837 897//837 889//837
f 889//835 897//835 898//835
f 889//835 898//835 890//835
f 890//1017 898//1017 899//1017
f 890//1018 899//1018 891//1018
f 891//845 899//845 900//845
f 891//1019 900//1019 892//1019
f 892//844 900//844 901//844
f 892//844 901//844 893//844
f 893//842 901//842 902//842
f 893//842 902//842 894//842
f 894//1020 902//1020 895//1020
f 894//1021 895//1021 887//1021
f 895//1022 903//1022 904//1022
f 895//1022 904//1022 896//1022
f 896//1023 904//1023 905//1023
f 896//1023 905//1023 897//1023
f 897//850 905//850 906//850
f 897//849 906//849 898//849
f 898//1024 906//1024 907//1024
f 898//1024 907//1024 899//1024
f 899//1025 907//1025 908//1025
f 899//1026 908//1026 900//1026
f 900//1027 908//1027 909//1027
f 900//859 909//859 901//859
f 901//858 909//858 910//858
f 901//858 910//858 902//858
f 902//1028 910//1028 903//1028
f 902//1029 903//1029 895//1029
f 903//1030 911//1030 912//1030
f 903//1031 912//1031 904//1031
f 904//867 912//867 913//867
f 904//866 913//866 905//866
f 905//865 913//865 914//865
f 905//864 914//864 906//864
f 906//1032 914//1032 915//1032
f 906//1033 915//1033 907//1033
f 907//1034 915//1034 916//1034
f 907//1035 916//1035 908//1035
f 908//1036 916//1036 917//1036
f 908//1037 917//1037 909//1037
f 909//1038 917//1038 918//1038
f 909//1038 918//1038 910//1038
f 910//1039 918//1039 911//1039
f 910//1040 911//1040 903//1040
f 911//1041 919//1041 920//1041
f 911//1042 920//1042 912//1042
f 912//1043 920//1043 921//1043
f 912//880 921//880 913//880
f 913//1044 921//1044 922//1044
f 913//1044 922//1044 914//1044
f 914//1045 922//1045 923//1045
f 914//1045 923//1045 915//1045
f 915//1046 923//1046 924//1046
f 915//1046 924//1046 916//1046
f 916//1047 924//1047 925//1047
f 916//1047 925//1047 917//1047
f 917//1048 925//1048 926//1048
f 917//1048 926//1048 918//1048
f 918//1049 926//1049 919//1049
f 918//1050 919//1050 911//1050
f 919//1051 927//1051 928//1051
f 919//1052 928//1052 920//1052
f 920//893 928//893 929//893
f 920//1053 929//1053 921//1053
f 921//1054 929//1054 930//1054
f 921//1055 930//1055 922//1055
f 922//1056 930//1056 931//1056
f 922//1057 931//1057 923//1057
f 923//1058 931//1058 932//1058
f 923//1059 932//1059 924//1059
f 924//1060 932//1060 933//1060
f 924//900 933//900 925//900
f 925//899 933//899 934//899
f 925//1061 934//1061 926//1061
f 926//1062 934//1062 927//1062
f 926//1063 927//1063 919//1063
f 927//1064 935//1064 936//1064
f 927//1065 936//1065 928//1065
f 928//1066 936//1066 937//1066
f 928//908 937//908 929//908
f 929//906 937//906 938//906
f 929//1067 938//1067 930//1067
f 930//1068 938//1068 939//1068
f 930//1068 939//1068 931//1068
f 931//1069 939//1069 940//1069
f 931//1069 940//1069 932//1069
f 932//1070 940//1070 941//1070
f 932//916 941//916 933//916
f 933//1071 941//1071 942//1071
f 933//1071 942//1071 934//1071
f 934//1072 942//1072 935//1072
f 934//1073 935//1073 927//1073
f 935//1074 943//1074 944//1074
f 935//924 944//924 936//924
f 936//922 944//922 945//922
f 936//922 945//922 937//922
f 937//921 945//921 946//921
f 937//921 946//921 938//921
f 938//1075 946//1075 947//1075
f 938//920 947//920 939//920
f 939//930 947//930 948//930
f 939//1076 948//1076 940//1076
f 940//928 948//928 949//928
f 940//928 949//928 941//928
f 941//927 949//927 950//927
f 941//927 950//927 942//927
f 942//1077 950//1077 943//1077
f 942//925 943//925 935//925
f 943//935 663//935 664//935
f 943//935 664//935 944//935
f 944//934 664//934 665//934
f 944//933 665//933 945//933
f 945//1078 665//1078 666//1078
f 945//932 666//932 946//932
f 946//931 666//931 667//931
f 946//1079 667//1079 947//1079
f 947//1080 667//1080 668//1080
f 947//1081 668//1081 948//1081
f 948//942 668//942 669//942
f 948//941 669//941 949//941
f 949//940 669//940 670//940
f 949//940 670//940 950//940
f 950//1082 670//1082 663//1082
f 950//1082 663//1082 943//1082
o top_overhanging_slab
v -0.540000 0.870000 -0.410000
v 0.540000 0.870000 -0.410000
v 0.540000 0.940000 -0.410000
v -0.540000 0.940000 -0.410000
v -0.540000 0.870000 0.410000
v 0.540000 0.870000 0.410000
v 0.540000 0.940000 0.410000
v -0.540000 0.940000 0.410000
vn -0.0000 -0.0000 -1.0000
vn -0.0000 -0.0000 1.0000
vn -0.0000 -1.0000 -0.0000
vn -0.0000 1.0000 -0.0000
vn -1.0000 -0.0000 -0.0000
vn 1.0000 -0.0000 -0.0000
s 0
usemtl wood_panel_light
f 951//1083 953//1083 952//1083
f 951//1083 954//1083 953//1083
f 955//1084 956//1084 957//1084
f 955//1084 957//1084 958//1084
f 951//1085 952//1085 956//1085
f 951//1085 956//1085 955//1085
f 954//1086 958//1086 957//1086
f 954//1086 957//1086 953//1086
f 951//1087 955//1087 958//1087
f 951//1087 958//1087 954//1087
f 952//1088 953//1088 957//1088
f 952//1088 957//1088 956//1088
o upper_curved_silver_handle
v 0.050000 0.674000 -0.379308
v 0.055918 0.672614 -0.377937
v 0.060663 0.668729 -0.376838
v 0.063297 0.663115 -0.376228
v 0.063297 0.656885 -0.376228
v 0.060663 0.651271 -0.376838
v 0.055918 0.647386 -0.377937
v 0.050000 0.646000 -0.379308
v 0.044082 0.647386 -0.380679
v 0.039337 0.651271 -0.381778
v 0.036703 0.656885 -0.382388
v 0.036703 0.663115 -0.382388
v 0.039337 0.668729 -0.381778
v 0.044082 0.672614 -0.380679
v 0.051899 0.674000 -0.387505
v 0.057405 0.672614 -0.384940
v 0.061821 0.668729 -0.382883
v 0.064271 0.663115 -0.381741
v 0.064271 0.656885 -0.381741
v 0.061821 0.651271 -0.382883
v 0.057405 0.647386 -0.384940
v 0.051899 0.646000 -0.387505
v 0.046393 0.647386 -0.390071
v 0.041977 0.651271 -0.392128
v 0.039527 0.656885 -0.393269
v 0.039527 0.663115 -0.393269
v 0.041977 0.668729 -0.392128
v 0.046393 0.672614 -0.390071
v 0.057553 0.674000 -0.395520
v 0.061949 0.672614 -0.391328
v 0.065475 0.668729 -0.387967
v 0.067431 0.663115 -0.386101
v 0.067431 0.656885 -0.386101
v 0.065475 0.651271 -0.387967
v 0.061949 0.647386 -0.391328
v 0.057553 0.646000 -0.395520
v 0.053156 0.647386 -0.399711
v 0.049631 0.651271 -0.403073
v 0.047674 0.656885 -0.404938
v 0.047674 0.663115 -0.404938
v 0.049631 0.668729 -0.403073
v 0.053156 0.672614 -0.399711
v 0.066835 0.674000 -0.403172
v 0.070223 0.672614 -0.398129
v 0.072939 0.668729 -0.394086
v 0.074447 0.663115 -0.391842
v 0.074447 0.656885 -0.391842
v 0.072939 0.651271 -0.394086
v 0.070223 0.647386 -0.398129
v 0.066835 0.646000 -0.403172
v 0.063448 0.647386 -0.408214
v 0.060731 0.651271 -0.412257
v 0.059224 0.656885 -0.414501
v 0.059224 0.663115 -0.414501
v 0.060731 0.668729 -0.412257
v 0.063448 0.672614 -0.408214
v 0.079539 0.674000 -0.410291
v 0.082144 0.672614 -0.404803
v 0.084232 0.668729 -0.400402
v 0.085391 0.663115 -0.397960
v 0.085391 0.656885 -0.397960
v 0.084232 0.651271 -0.400402
v 0.082144 0.647386 -0.404803
v 0.079539 0.646000 -0.410291
v 0.076935 0.647386 -0.415778
v 0.074847 0.651271 -0.420179
v 0.073688 0.656885 -0.422622
v 0.073688 0.663115 -0.422622
v 0.074847 0.668729 -0.420179
v 0.076935 0.672614 -0.415778
v 0.095381 0.674000 -0.416718
v 0.097381 0.672614 -0.410982
v 0.098985 0.668729 -0.406382
v 0.099875 0.663115 -0.403829
v 0.099875 0.656885 -0.403829
v 0.098985 0.651271 -0.406382
v 0.097381 0.647386 -0.410982
v 0.095381 0.646000 -0.416718
v 0.093381 0.647386 -0.422453
v 0.091777 0.651271 -0.427053
v 0.090887 0.656885 -0.429606
v 0.090887 0.663115 -0.429606
v 0.091777 0.668729 -0.427053
v 0.093381 0.672614 -0.422453
v 0.114007 0.674000 -0.422309
v 0.115524 0.672614 -0.416427
v 0.116741 0.668729 -0.411710
v 0.117417 0.663115 -0.409093
v 0.117417 0.656885 -0.409093
v 0.116741 0.651271 -0.411710
v 0.115524 0.647386 -0.416427
v 0.114007 0.646000 -0.422309
v 0.112489 0.647386 -0.428190
v 0.111272 0.651271 -0.432907
v 0.110597 0.656885 -0.435525
v 0.110597 0.663115 -0.435525
v 0.111272 0.668729 -0.432907
v 0.112489 0.672614 -0.428190
v 0.135000 0.674000 -0.426939
v 0.136115 0.672614 -0.420968
v 0.137010 0.668729 -0.416180
v 0.137506 0.663115 -0.413522
v 0.137506 0.656885 -0.413522
v 0.137010 0.651271 -0.416180
v 0.136115 0.647386 -0.420968
v 0.135000 0.646000 -0.426939
v 0.133885 0.647386 -0.432910
v 0.132990 0.651271 -0.437699
v 0.132494 0.656885 -0.440356
v 0.132494 0.663115 -0.440356
v 0.132990 0.668729 -0.437699
v 0.133885 0.672614 -0.432910
v 0.157892 0.674000 -0.430506
v 0.158657 0.672614 -0.424480
v 0.159271 0.668729 -0.419648
v 0.159611 0.663115 -0.416966
v 0.159611 0.656885 -0.416966
v 0.159271 0.651271 -0.419648
v 0.158657 0.647386 -0.424480
v 0.157892 0.646000 -0.430506
v 0.157127 0.647386 -0.436532
v 0.156513 0.651271 -0.441365
v 0.156173 0.656885 -0.444046
v 0.156173 0.663115 -0.444046
v 0.156513 0.668729 -0.441365
v 0.157127 0.672614 -0.436532
v 0.182171 0.674000 -0.432929
v 0.182619 0.672614 -0.426871
v 0.182978 0.668729 -0.422013
v 0.183177 0.663115 -0.419317
v 0.183177 0.656885 -0.419317
v 0.182978 0.651271 -0.422013
v 0.182619 0.647386 -0.426871
v 0.182171 0.646000 -0.432929
v 0.181724 0.647386 -0.438987
v 0.181365 0.651271 -0.443845
v 0.181166 0.656885 -0.446541
v 0.181166 0.663115 -0.446541
v 0.181365 0.668729 -0.443845
v 0.181724 0.672614 -0.438987
v 0.207296 0.674000 -0.434154
v 0.207443 0.672614 -0.428082
v 0.207561 0.668729 -0.423212
v 0.207627 0.663115 -0.420509
v 0.207627 0.656885 -0.420509
v 0.207561 0.651271 -0.423212
v 0.207443 0.647386 -0.428082
v 0.207296 0.646000 -0.434154
v 0.207149 0.647386 -0.440227
v 0.207031 0.651271 -0.445097
v 0.206965 0.656885 -0.447799
v 0.206965 0.663115 -0.447799
v 0.207031 0.668729 -0.445097
v 0.207149 0.672614 -0.440227
v 0.232704 0.674000 -0.434154
v 0.232557 0.672614 -0.428082
v 0.232439 0.668729 -0.423212
v 0.232373 0.663115 -0.420509
v 0.232373 0.656885 -0.420509
v 0.232439 0.651271 -0.423212
v 0.232557 0.647386 -0.428082
v 0.232704 0.646000 -0.434154
v 0.232851 0.647386 -0.440227
v 0.232969 0.651271 -0.445097
v 0.233035 0.656885 -0.447799
v 0.233035 0.663115 -0.447799
v 0.232969 0.668729 -0.445097
v 0.232851 0.672614 -0.440227
v 0.257829 0.674000 -0.432929
v 0.257381 0.672614 -0.426871
v 0.257022 0.668729 -0.422013
v 0.256823 0.663115 -0.419317
v 0.256823 0.656885 -0.419317
v 0.257022 0.651271 -0.422013
v 0.257381 0.647386 -0.426871
v 0.257829 0.646000 -0.432929
v 0.258276 0.647386 -0.438987
v 0.258635 0.651271 -0.443845
v 0.258834 0.656885 -0.446541
v 0.258834 0.663115 -0.446541
v 0.258635 0.668729 -0.443845
v 0.258276 0.672614 -0.438987
v 0.282108 0.674000 -0.430506
v 0.281343 0.672614 -0.424480
v 0.280729 0.668729 -0.419648
v 0.280389 0.663115 -0.416966
v 0.280389 0.656885 -0.416966
v 0.280729 0.651271 -0.419648
v 0.281343 0.647386 -0.424480
v 0.282108 0.646000 -0.430506
v 0.282873 0.647386 -0.436532
v 0.283487 0.651271 -0.441365
v 0.283827 0.656885 -0.444046
v 0.283827 0.663115 -0.444046
v 0.283487 0.668729 -0.441365
v 0.282873 0.672614 -0.436532
v 0.305000 0.674000 -0.426939
v 0.303885 0.672614 -0.420968
v 0.302990 0.668729 -0.416180
v 0.302494 0.663115 -0.413522
v 0.302494 0.656885 -0.413522
v 0.302990 0.651271 -0.416180
v 0.303885 0.647386 -0.420968
v 0.305000 0.646000 -0.426939
v 0.306115 0.647386 -0.432910
v 0.307010 0.651271 -0.437699
v 0.307506 0.656885 -0.440356
v 0.307506 0.663115 -0.440356
v 0.307010 0.668729 -0.437699
v 0.306115 0.672614 -0.432910
v 0.325993 0.674000 -0.422309
v 0.324476 0.672614 -0.416427
v 0.323259 0.668729 -0.411710
v 0.322583 0.663115 -0.409093
v 0.322583 0.656885 -0.409093
v 0.323259 0.651271 -0.411710
v 0.324476 0.647386 -0.416427
v 0.325993 0.646000 -0.422309
v 0.327511 0.647386 -0.428190
v 0.328728 0.651271 -0.432907
v 0.329403 0.656885 -0.435525
v 0.329403 0.663115 -0.435525
v 0.328728 0.668729 -0.432907
v 0.327511 0.672614 -0.428190
v 0.344619 0.674000 -0.416718
v 0.342619 0.672614 -0.410982
v 0.341015 0.668729 -0.406382
v 0.340125 0.663115 -0.403829
v 0.340125 0.656885 -0.403829
v 0.341015 0.651271 -0.406382
v 0.342619 0.647386 -0.410982
v 0.344619 0.646000 -0.416718
v 0.346619 0.647386 -0.422453
v 0.348223 0.651271 -0.427053
v 0.349113 0.656885 -0.429606
v 0.349113 0.663115 -0.429606
v 0.348223 0.668729 -0.427053
v 0.346619 0.672614 -0.422453
v 0.360461 0.674000 -0.410291
v 0.357856 0.672614 -0.404803
v 0.355768 0.668729 -0.400402
v 0.354609 0.663115 -0.397960
v 0.354609 0.656885 -0.397960
v 0.355768 0.651271 -0.400402
v 0.357856 0.647386 -0.404803
v 0.360461 0.646000 -0.410291
v 0.363065 0.647386 -0.415778
v 0.365153 0.651271 -0.420179
v 0.366312 0.656885 -0.422622
v 0.366312 0.663115 -0.422622
v 0.365153 0.668729 -0.420179
v 0.363065 0.672614 -0.415778
v 0.373165 0.674000 -0.403172
v 0.369777 0.672614 -0.398129
v 0.367061 0.668729 -0.394086
v 0.365553 0.663115 -0.391842
v 0.365553 0.656885 -0.391842
v 0.367061 0.651271 -0.394086
v 0.369777 0.647386 -0.398129
v 0.373165 0.646000 -0.403172
v 0.376552 0.647386 -0.408214
v 0.379269 0.651271 -0.412257
v 0.380776 0.656885 -0.414501
v 0.380776 0.663115 -0.414501
v 0.379269 0.668729 -0.412257
v 0.376552 0.672614 -0.408214
v 0.382447 0.674000 -0.395520
v 0.378051 0.672614 -0.391328
v 0.374525 0.668729 -0.387967
v 0.372569 0.663115 -0.386101
v 0.372569 0.656885 -0.386101
v 0.374525 0.651271 -0.387967
v 0.378051 0.647386 -0.391328
v 0.382447 0.646000 -0.395520
v 0.386844 0.647386 -0.399711
v 0.390369 0.651271 -0.403073
v 0.392326 0.656885 -0.404938
v 0.392326 0.663115 -0.404938
v 0.390369 0.668729 -0.403073
v 0.386844 0.672614 -0.399711
v 0.388101 0.674000 -0.387505
v 0.382595 0.672614 -0.384940
v 0.378179 0.668729 -0.382883
v 0.375729 0.663115 -0.381741
v 0.375729 0.656885 -0.381741
v 0.378179 0.651271 -0.382883
v 0.382595 0.647386 -0.384940
v 0.388101 0.646000 -0.387505
v 0.393607 0.647386 -0.390071
v 0.398023 0.651271 -0.392128
v 0.400473 0.656885 -0.393269
v 0.400473 0.663115 -0.393269
v 0.398023 0.668729 -0.392128
v 0.393607 0.672614 -0.390071
v 0.390000 0.674000 -0.379308
v 0.384082 0.672614 -0.377937
v 0.379337 0.668729 -0.376838
v 0.376703 0.663115 -0.376228
v 0.376703 0.656885 -0.376228
v 0.379337 0.651271 -0.376838
v 0.384082 0.647386 -0.377937
v 0.390000 0.646000 -0.379308
v 0.395918 0.647386 -0.380679
v 0.400663 0.651271 -0.381778
v 0.403297 0.656885 -0.382388
v 0.403297 0.663115 -0.382388
v 0.400663 0.668729 -0.381778
v 0.395918 0.672614 -0.380679
v 0.050000 0.660000 -0.379308
v 0.390000 0.660000 -0.379308
vn -0.2213 -0.9739 -0.0513
vn -0.2176 -0.9749 -0.0462
vn -0.6195 -0.7739 -0.1315
vn -0.6127 -0.7815 -0.1174
vn -0.8899 -0.4231 -0.1705
vn -0.8875 -0.4334 -0.1568
vn -0.9847 -0.0000 -0.1740
vn -0.8929 0.4217 -0.1577
vn -0.8850 0.4336 -0.1695
vn -0.6238 0.7724 -0.1195
vn -0.6100 0.7817 -0.1295
vn -0.2230 0.9737 -0.0474
vn -0.2167 0.9749 -0.0502
vn 0.2213 0.9739 0.0513
vn 0.2160 0.9749 0.0532
vn 0.6125 0.7760 0.1507
vn 0.6043 0.7817 0.1541
vn 0.8759 0.4277 0.2234
vn 0.8721 0.4338 0.2263
vn 0.9679 -0.0000 0.2512
vn 0.8748 -0.4279 0.2271
vn 0.8730 -0.4338 0.2227
vn 0.6106 -0.7765 0.1557
vn 0.6055 -0.7817 0.1490
vn 0.2200 -0.9740 0.0541
vn 0.2167 -0.9749 0.0502
vn -0.1837 -0.9744 -0.1296
vn -0.1842 -0.9741 -0.1310
vn -0.5113 -0.7787 -0.3637
vn -0.5117 -0.7764 -0.3678
vn -0.7329 -0.4305 -0.5268
vn -0.7320 -0.4274 -0.5306
vn -0.8097 -0.0000 -0.5868
vn -0.7308 0.4306 -0.5296
vn -0.7340 0.4277 -0.5276
vn -0.5093 0.7789 -0.3660
vn -0.5133 0.7767 -0.3651
vn -0.1831 0.9744 -0.1302
vn -0.1846 0.9742 -0.1302
vn 0.1837 0.9744 0.1296
vn 0.1848 0.9742 0.1297
vn 0.5140 0.7784 0.3606
vn 0.5157 0.7772 0.3607
vn 0.7399 0.4298 0.5174
vn 0.7409 0.4284 0.5173
vn 0.8199 -0.0000 0.5725
vn 0.7403 -0.4298 0.5169
vn 0.7405 -0.4284 0.5178
vn 0.5146 -0.7783 0.3598
vn 0.5153 -0.7771 0.3615
vn 0.1841 -0.9744 0.1291
vn 0.1846 -0.9742 0.1302
vn -0.1421 -0.9747 -0.1724
vn -0.1423 -0.9746 -0.1731
vn -0.3971 -0.7803 -0.4831
vn -0.3971 -0.7795 -0.4844
vn -0.5717 -0.4323 -0.6973
vn -0.5714 -0.4312 -0.6983
vn -0.6333 -0.0000 -0.7739
vn -0.5710 0.4323 -0.6979
vn -0.5720 0.4312 -0.6977
vn -0.3964 0.7804 -0.4836
vn -0.3977 0.7796 -0.4839
vn -0.1419 0.9747 -0.1726
vn -0.1425 0.9746 -0.1728
vn 0.1422 0.9747 0.1724
vn 0.1426 0.9746 0.1726
vn 0.3983 0.7803 0.4821
vn 0.3992 0.7797 0.4824
vn 0.5749 0.4321 0.6948
vn 0.5753 0.4314 0.6949
vn 0.6377 -0.0000 0.7703
vn 0.6377 -0.0000 0.7702
vn 0.5751 -0.4320 0.6947
vn 0.5751 -0.4314 0.6951
vn 0.3987 -0.7803 0.4819
vn 0.3988 -0.7797 0.4828
vn 0.1424 -0.9747 0.1723
vn 0.1425 -0.9746 0.1728
vn -0.1090 -0.9748 -0.1945
vn -0.1090 -0.9748 -0.1947
vn -0.3050 -0.7811 -0.5448
vn -0.3050 -0.7808 -0.5453
vn -0.4400 -0.4330 -0.7867
vn -0.4399 -0.4327 -0.7869
vn -0.4880 -0.0000 -0.8729
vn -0.4398 0.4330 -0.7868
vn -0.4401 0.4327 -0.7868
vn -0.3048 0.7811 -0.5449
vn -0.3052 0.7808 -0.5452
vn -0.1089 0.9748 -0.1945
vn -0.1091 0.9748 -0.1946
vn 0.1090 0.9748 0.1945
vn 0.1092 0.9748 0.1946
vn 0.3054 0.7811 0.5446
vn 0.3058 0.7808 0.5448
vn 0.4411 0.4331 0.7860
vn 0.4414 0.4327 0.7861
vn 0.4896 -0.0000 0.8720
vn 0.4413 -0.4331 0.7859
vn 0.4412 -0.4327 0.7862
vn 0.3056 -0.7811 0.5445
vn 0.3056 -0.7808 0.5449
vn 0.1091 -0.9748 0.1945
vn 0.1091 -0.9748 0.1947
vn -0.0837 -0.9749 -0.2064
vn -0.0837 -0.9749 -0.2065
vn -0.2345 -0.7815 -0.5782
vn -0.2345 -0.7813 -0.5785
vn -0.3385 -0.4335 -0.8352
vn -0.3385 -0.4332 -0.8353
vn -0.3755 -0.0000 -0.9268
vn -0.3384 0.4335 -0.8352
vn -0.3386 0.4332 -0.8353
vn -0.2344 0.7815 -0.5783
vn -0.2346 0.7813 -0.5784
vn -0.0837 0.9749 -0.2064
vn -0.0838 0.9749 -0.2064
vn 0.0837 0.9749 0.2064
vn 0.0838 0.9749 0.2065
vn 0.2347 0.7815 0.5782
vn 0.2348 0.7813 0.5783
vn 0.3390 0.4335 0.8350
vn 0.3391 0.4334 0.8350
vn 0.3762 -0.0000 0.9265
vn 0.3391 -0.4335 0.8350
vn 0.3390 -0.4334 0.8350
vn 0.2347 -0.7814 0.5781
vn 0.2347 -0.7813 0.5783
vn 0.0838 -0.9749 0.2064
vn 0.0838 -0.9749 0.2065
vn -0.0640 -0.9749 -0.2132
vn -0.1793 -0.7816 -0.5975
vn -0.1793 -0.7815 -0.5975
vn -0.2590 -0.4335 -0.8631
vn -0.2590 -0.4336 -0.8631
vn -0.2874 -0.0000 -0.9578
vn -0.2590 0.4335 -0.8631
vn -0.2590 0.4336 -0.8631
vn -0.1793 0.7816 -0.5975
vn -0.0640 0.9749 -0.2132
vn -0.0640 0.9749 -0.2133
vn 0.0640 0.9749 0.2132
vn 0.0640 0.9749 0.2133
vn 0.1794 0.7816 0.5974
vn 0.1794 0.7815 0.5975
vn 0.2592 0.4336 0.8630
vn 0.2876 -0.0000 0.9577
vn 0.2592 -0.4336 0.8630
vn 0.2592 -0.4336 0.8631
vn 0.1794 -0.7816 0.5974
vn 0.1794 -0.7815 0.5975
vn 0.0640 -0.9749 0.2132
vn 0.0640 -0.9749 0.2133
vn -0.0479 -0.9749 -0.2174
vn -0.1343 -0.7816 -0.6091
vn -0.1941 -0.4337 -0.8799
vn -0.1940 -0.4336 -0.8800
vn -0.2153 -0.0000 -0.9765
vn -0.1940 0.4337 -0.8799
vn -0.1941 0.4336 -0.8800
vn -0.1343 0.7816 -0.6091
vn -0.0479 0.9749 -0.2174
vn -0.0479 0.9749 -0.2173
vn 0.0479 0.9749 0.2173
vn 0.0480 0.9749 0.2174
vn 0.1344 0.7817 0.6090
vn 0.1344 0.7816 0.6091
vn 0.1942 0.4336 0.8799
vn 0.1941 0.4337 0.8799
vn 0.2154 -0.0000 0.9765
vn 0.1941 -0.4336 0.8799
vn 0.1941 -0.4337 0.8799
vn 0.1344 -0.7817 0.6090
vn 0.1344 -0.7816 0.6091
vn 0.0479 -0.9749 0.2174
vn -0.0343 -0.9749 -0.2199
vn -0.0960 -0.7817 -0.6163
vn -0.1387 -0.4337 -0.8903
vn -0.1387 -0.4338 -0.8903
vn -0.1539 -0.0000 -0.9881
vn -0.1387 0.4337 -0.8903
vn -0.1387 0.4338 -0.8903
vn -0.0960 0.7817 -0.6163
vn -0.0343 0.9749 -0.2199
vn 0.0343 0.9749 0.2199
vn 0.0960 0.7817 0.6162
vn 0.1388 0.4336 0.8904
vn 0.1387 0.4336 0.8903
vn 0.1540 -0.0000 0.9881
vn 0.1387 -0.4336 0.8904
vn 0.1388 -0.4336 0.8903
vn 0.0960 -0.7817 0.6162
vn 0.0343 -0.9749 0.2199
vn -0.0221 -0.9749 -0.2214
vn -0.0619 -0.7817 -0.6206
vn -0.0894 -0.4337 -0.8966
vn -0.0993 -0.0000 -0.9951
vn -0.0894 0.4337 -0.8966
vn -0.0619 0.7817 -0.6206
vn -0.0221 0.9749 -0.2214
vn 0.0221 0.9749 0.2214
vn 0.0619 0.7817 0.6206
vn 0.0619 0.7817 0.6205
vn 0.0895 0.4337 0.8966
vn 0.0895 0.4336 0.8966
vn 0.0993 -0.0000 0.9951
vn 0.0895 -0.4337 0.8966
vn 0.0895 -0.4336 0.8966
vn 0.0619 -0.7817 0.6206
vn 0.0619 -0.7817 0.6205
vn 0.0221 -0.9749 0.2214
vn -0.0108 -0.9749 -0.2223
vn -0.0304 -0.7817 -0.6229
vn -0.0439 -0.4338 -0.8999
vn -0.0439 -0.4337 -0.9000
vn -0.0487 -0.0000 -0.9988
vn -0.0439 0.4338 -0.8999
vn -0.0439 0.4338 -0.9000
vn -0.0304 0.7817 -0.6229
vn -0.0108 0.9749 -0.2223
vn 0.0108 0.9749 0.2222
vn 0.0108 0.9749 0.2223
vn 0.0304 0.7817 0.6229
vn 0.0439 0.4337 0.9000
vn 0.0487 -0.0000 0.9988
vn 0.0439 -0.4337 0.9000
vn 0.0439 -0.4338 0.9000
vn 0.0304 -0.7817 0.6229
vn 0.0108 -0.9749 0.2222
vn 0.0108 -0.9749 0.2223
vn -0.0000 -0.9749 -0.2225
vn -0.0000 -0.9749 -0.2226
vn -0.0000 -0.7817 -0.6236
vn -0.0000 -0.4338 -0.9010
vn -0.0000 -0.0000 -1.0000
vn -0.0000 0.4338 -0.9010
vn -0.0000 0.7817 -0.6236
vn -0.0000 0.9749 -0.2225
vn -0.0000 0.9749 0.2225
vn -0.0000 0.7817 0.6236
vn -0.0000 0.4337 0.9011
vn -0.0000 -0.0000 1.0000
vn -0.0000 -0.4337 0.9011
vn -0.0000 -0.7817 0.6236
vn -0.0000 -0.9749 0.2225
vn 0.0108 -0.9749 -0.2223
vn 0.0304 -0.7817 -0.6229
vn 0.0439 -0.4337 -0.9000
vn 0.0439 -0.4338 -0.8999
vn 0.0487 -0.0000 -0.9988
vn 0.0439 0.4337 -0.9000
vn 0.0439 0.4338 -0.8999
vn 0.0304 0.7817 -0.6229
vn 0.0108 0.9749 -0.2223
vn -0.0108 0.9749 0.2222
vn -0.0108 0.9749 0.2223
vn -0.0304 0.7817 0.6229
vn -0.0439 0.4337 0.9000
vn -0.0487 -0.0000 0.9988
vn -0.0439 -0.4337 0.9000
vn -0.0304 -0.7817 0.6229
vn -0.0108 -0.9749 0.2222
vn -0.0108 -0.9749 0.2223
vn 0.0221 -0.9749 -0.2214
vn 0.0619 -0.7817 -0.6206
vn 0.0894 -0.4338 -0.8966
vn 0.0894 -0.4337 -0.8966
vn 0.0993 -0.0000 -0.9951
vn 0.0894 0.4337 -0.8966
vn 0.0619 0.7817 -0.6206
vn 0.0221 0.9749 -0.2214
vn -0.0221 0.9749 0.2214
vn -0.0619 0.7817 0.6205
vn -0.0619 0.7817 0.6206
vn -0.0895 0.4336 0.8966
vn -0.0895 0.4337 0.8966
vn -0.0993 -0.0000 0.9951
vn -0.0895 -0.4336 0.8966
vn -0.0895 -0.4337 0.8966
vn -0.0619 -0.7817 0.6205
vn -0.0619 -0.7817 0.6206
vn -0.0221 -0.9749 0.2214
vn 0.0343 -0.9749 -0.2199
vn 0.0960 -0.7816 -0.6163
vn 0.0960 -0.7817 -0.6163
vn 0.1387 -0.4338 -0.8903
vn 0.1387 -0.4337 -0.8903
vn 0.1539 -0.0000 -0.9881
vn 0.1387 0.4338 -0.8903
vn 0.1387 0.4337 -0.8903
vn 0.0960 0.7816 -0.6163
vn 0.0960 0.7817 -0.6163
vn 0.0343 0.9749 -0.2199
vn -0.0343 0.9749 0.2199
vn -0.0960 0.7817 0.6162
vn -0.1388 0.4336 0.8903
vn -0.1387 0.4336 0.8904
vn -0.1540 -0.0000 0.9881
vn -0.1387 -0.4336 0.8903
vn -0.1388 -0.4336 0.8904
vn -0.0960 -0.7817 0.6162
vn -0.0343 -0.9749 0.2199
vn 0.0479 -0.9749 -0.2174
vn 0.1343 -0.7816 -0.6091
vn 0.1941 -0.4336 -0.8800
vn 0.1940 -0.4337 -0.8799
vn 0.2153 -0.0000 -0.9765
vn 0.1940 0.4336 -0.8800
vn 0.1940 0.4337 -0.8799
vn 0.1343 0.7816 -0.6091
vn 0.0479 0.9749 -0.2174
vn 0.0479 0.9749 -0.2173
vn -0.0479 0.9749 0.2174
vn -0.1344 0.7816 0.6091
vn -0.1344 0.7817 0.6090
vn -0.1941 0.4337 0.8799
vn -0.1941 0.4336 0.8799
vn -0.2154 -0.0000 0.9765
vn -0.1941 -0.4337 0.8799
vn -0.1942 -0.4336 0.8799
vn -0.1344 -0.7816 0.6091
vn -0.1344 -0.7817 0.6090
vn -0.0480 -0.9749 0.2174
vn -0.0479 -0.9749 0.2173
vn 0.0640 -0.9749 -0.2133
vn 0.0640 -0.9749 -0.2132
vn 0.1793 -0.7815 -0.5975
vn 0.1793 -0.7816 -0.5975
vn 0.2590 -0.4336 -0.8631
vn 0.2590 -0.4335 -0.8631
vn 0.2874 -0.0000 -0.9578
vn 0.2590 0.4336 -0.8631
vn 0.2590 0.4335 -0.8631
vn 0.1793 0.7815 -0.5975
vn 0.1793 0.7816 -0.5975
vn 0.0640 0.9749 -0.2133
vn 0.0640 0.9749 -0.2132
vn -0.0640 0.9749 0.2133
vn -0.0640 0.9749 0.2132
vn -0.1794 0.7815 0.5975
vn -0.1794 0.7816 0.5974
vn -0.2592 0.4336 0.8631
vn -0.2592 0.4336 0.8630
vn -0.2876 -0.0000 0.9577
vn -0.2592 -0.4336 0.8631
vn -0.2592 -0.4336 0.8630
vn -0.1794 -0.7815 0.5975
vn -0.1794 -0.7816 0.5975
vn -0.0640 -0.9749 0.2133
vn -0.0640 -0.9749 0.2132
vn 0.0838 -0.9749 -0.2065
vn 0.0837 -0.9749 -0.2064
vn 0.2346 -0.7813 -0.5784
vn 0.2344 -0.7815 -0.5782
vn 0.3386 -0.4332 -0.8353
vn 0.3384 -0.4335 -0.8352
vn 0.3755 -0.0000 -0.9268
vn 0.3385 0.4332 -0.8353
vn 0.3385 0.4335 -0.8352
vn 0.2345 0.7813 -0.5785
vn 0.2345 0.7815 -0.5782
vn 0.0837 0.9749 -0.2065
vn 0.0837 0.9749 -0.2064
vn -0.0838 0.9749 0.2065
vn -0.0838 0.9749 0.2064
vn -0.2347 0.7813 0.5783
vn -0.2347 0.7814 0.5781
vn -0.3390 0.4333 0.8350
vn -0.3391 0.4335 0.8350
vn -0.3762 -0.0000 0.9265
vn -0.3391 -0.4334 0.8350
vn -0.3390 -0.4335 0.8350
vn -0.2348 -0.7813 0.5783
vn -0.2347 -0.7815 0.5782
vn -0.0838 -0.9749 0.2065
vn -0.0837 -0.9749 0.2064
vn 0.1091 -0.9748 -0.1946
vn 0.1089 -0.9748 -0.1945
vn 0.3052 -0.7808 -0.5452
vn 0.3048 -0.7811 -0.5449
vn 0.4401 -0.4327 -0.7868
vn 0.4398 -0.4330 -0.7868
vn 0.4880 -0.0000 -0.8729
vn 0.4399 0.4327 -0.7869
vn 0.4400 0.4330 -0.7867
vn 0.3050 0.7808 -0.5453
vn 0.3050 0.7811 -0.5448
vn 0.1090 0.9748 -0.1947
vn 0.1090 0.9748 -0.1945
vn -0.1091 0.9748 0.1947
vn -0.1091 0.9748 0.1945
vn -0.3056 0.7808 0.5449
vn -0.3056 0.7811 0.5445
vn -0.4412 0.4327 0.7862
vn -0.4413 0.4331 0.7859
vn -0.4896 -0.0000 0.8720
vn -0.4414 -0.4327 0.7861
vn -0.4411 -0.4331 0.7860
vn -0.3058 -0.7808 0.5448
vn -0.3054 -0.7811 0.5446
vn -0.1092 -0.9748 0.1946
vn -0.1090 -0.9748 0.1945
vn 0.1425 -0.9746 -0.1728
vn 0.1419 -0.9747 -0.1726
vn 0.3977 -0.7796 -0.4839
vn 0.3964 -0.7804 -0.4836
vn 0.5720 -0.4312 -0.6977
vn 0.5710 -0.4323 -0.6979
vn 0.6333 -0.0000 -0.7739
vn 0.5714 0.4312 -0.6983
vn 0.5717 0.4323 -0.6973
vn 0.3971 0.7795 -0.4844
vn 0.3971 0.7804 -0.4831
vn 0.1422 0.9746 -0.1731
vn 0.1421 0.9747 -0.1724
vn -0.1425 0.9746 0.1728
vn -0.1424 0.9747 0.1723
vn -0.3988 0.7797 0.4828
vn -0.3987 0.7803 0.4819
vn -0.5751 0.4314 0.6951
vn -0.5751 0.4320 0.6947
vn -0.6377 -0.0000 0.7703
vn -0.6377 -0.0000 0.7702
vn -0.5753 -0.4314 0.6949
vn -0.5749 -0.4321 0.6948
vn -0.3992 -0.7797 0.4824
vn -0.3983 -0.7803 0.4821
vn -0.1426 -0.9746 0.1727
vn -0.1422 -0.9747 0.1724
vn 0.1846 -0.9742 -0.1302
vn 0.1831 -0.9744 -0.1302
vn 0.5132 -0.7767 -0.3651
vn 0.5093 -0.7789 -0.3660
vn 0.7340 -0.4277 -0.5276
vn 0.7308 -0.4307 -0.5296
vn 0.8097 -0.0000 -0.5868
vn 0.7320 0.4274 -0.5306
vn 0.7329 0.4305 -0.5268
vn 0.5117 0.7764 -0.3678
vn 0.5113 0.7787 -0.3637
vn 0.1842 0.9741 -0.1310
vn 0.1837 0.9744 -0.1296
vn -0.1845 0.9742 0.1302
vn -0.1841 0.9744 0.1291
vn -0.5152 0.7771 0.3615
vn -0.5146 0.7783 0.3599
vn -0.7405 0.4284 0.5178
vn -0.7403 0.4298 0.5169
vn -0.8199 -0.0000 0.5725
vn -0.7409 -0.4284 0.5173
vn -0.7399 -0.4298 0.5174
vn -0.5157 -0.7772 0.3606
vn -0.5140 -0.7784 0.3606
vn -0.1848 -0.9742 0.1297
vn -0.1837 -0.9744 0.1296
vn 0.2167 -0.9749 -0.0502
vn 0.2230 -0.9737 -0.0474
vn 0.6100 -0.7817 -0.1295
vn 0.6238 -0.7724 -0.1195
vn 0.8850 -0.4337 -0.1695
vn 0.8929 -0.4217 -0.1577
vn 0.9847 -0.0000 -0.1740
vn 0.8875 0.4334 -0.1568
vn 0.8899 0.4230 -0.1705
vn 0.6127 0.7815 -0.1174
vn 0.6195 0.7739 -0.1315
vn 0.2176 0.9749 -0.0462
vn 0.2213 0.9739 -0.0513
vn -0.2167 0.9749 0.0502
vn -0.2200 0.9740 0.0541
vn -0.6055 0.7817 0.1490
vn -0.6106 0.7765 0.1557
vn -0.8730 0.4338 0.2227
vn -0.8748 0.4279 0.2271
vn -0.9679 -0.0000 0.2512
vn -0.8721 -0.4338 0.2263
vn -0.8759 -0.4277 0.2234
vn -0.6043 -0.7817 0.1541
vn -0.6125 -0.7760 0.1507
vn -0.2160 -0.9749 0.0531
vn -0.2213 -0.9739 0.0513
vn -0.2257 -0.0000 0.9742
vn 0.2257 -0.0000 0.9742
vn -0.2256 -0.0000 0.9742
vn 0.2256 -0.0000 0.9742
s 0
usemtl silver_metal
f 959//1089 973//1089 974//1089
f 959//1090 974//1090 960//1090
f 960//1091 974//1091 975//1091
f 960//1092 975//1092 961//1092
f 961//1093 975//1093 976//1093
f 961//1094 976//1094 962//1094
f 962//1095 976//1095 977//1095
f 962//1095 977//1095 963//1095
f 963//1096 977//1096 978//1096
f 963//1097 978//1097 964//1097
f 964//1098 978//1098 979//1098
f 964//1099 979//1099 965//1099
f 965//1100 979//1100 980//1100
f 965//1101 980//1101 966//1101
f 966//1102 980//1102 981//1102
f 966//1103 981//1103 967//1103
f 967//1104 981//1104 982//1104
f 967//1105 982//1105 968//1105
f 968//1106 982//1106 983//1106
f 968//1107 983//1107 969//1107
f 969//1108 983//1108 984//1108
f 969//1108 984//1108 970//1108
f 970//1109 984//1109 985//1109
f 970//1110 985//1110 971//1110
f 971//1111 985//1111 986//1111
f 971//1112 986//1112 972//1112
f 972//1113 986//1113 973//1113
f 972//1114 973//1114 959//1114
f 973//1115 987//1115 988//1115
f 973//1116 988//1116 974//1116
f 974//1117 988//1117 989//1117
f 974//1118 989//1118 975//1118
f 975//1119 989//1119 990//1119
f 975//1120 990//1120 976//1120
f 976//1121 990//1121 991//1121
f 976//1121 991//1121 977//1121
f 977//1122 991//1122 992//1122
f 977//1123 992//1123 978//1123
f 978//1124 992//1124 993//1124
f 978//1125 993//1125 979//1125
f 979//1126 993//1126 994//1126
f 979//1127 994//1127 980//1127
f 980//1128 994//1128 995//1128
f 980//1129 995//1129 981//1129
f 981//1130 995//1130 996//1130
f 981//1131 996//1131 982//1131
f 982//1132 996//1132 997//1132
f 982//1133 997//1133 983//1133
f 983//1134 997//1134 998//1134
f 983//1134 998//1134 984//1134
f 984//1135 998//1135 999//1135
f 984//1136 999//1136 985//1136
f 985//1137 999//1137 1000//1137
f 985//1138 1000//1138 986//1138
f 986//1139 1000//1139 987//1139
f 986//1140 987//1140 973//1140
f 987//1141 1001//1141 1002//1141
f 987//1142 1002//1142 988//1142
f 988//1143 1002//1143 1003//1143
f 988//1144 1003//1144 989//1144
f 989//1145 1003//1145 1004//1145
f 989//1146 1004//1146 990//1146
f 990//1147 1004//1147 1005//1147
f 990//1147 1005//1147 991//1147
f 991//1148 1005//1148 1006//1148
f 991//1149 1006//1149 992//1149
f 992//1150 1006//1150 1007//1150
f 992//1151 1007//1151 993//1151
f 993//1152 1007//1152 1008//1152
f 993//1153 1008//1153 994//1153
f 994//1154 1008//1154 1009//1154
f 994//1155 1009//1155 995//1155
f 995//1156 1009//1156 1010//1156
f 995//1157 1010//1157 996//1157
f 996//1158 1010//1158 1011//1158
f 996//1159 1011//1159 997//1159
f 997//1160 1011//1160 1012//1160
f 997//1161 1012//1161 998//1161
f 998//1162 1012//1162 1013//1162
f 998//1163 1013//1163 999//1163
f 999//1164 1013//1164 1014//1164
f 999//1165 1014//1165 1000//1165
f 1000//1166 1014//1166 1001//1166
f 1000//1167 1001//1167 987//1167
f 1001//1168 1015//1168 1016//1168
f 1001//1169 1016//1169 1002//1169
f 1002//1170 1016//1170 1017//1170
f 1002//1171 1017//1171 1003//1171
f 1003//1172 1017//1172 1018//1172
f 1003//1173 1018//1173 1004//1173
f 1004//1174 1018//1174 1019//1174
f 1004//1174 1019//1174 1005//1174
f 1005//1175 1019//1175 1020//1175
f 1005//1176 1020//1176 1006//1176
f 1006//1177 1020//1177 1021//1177
f 1006//1178 1021//1178 1007//1178
f 1007//1179 1021//1179 1022//1179
f 1007//1180 1022//1180 1008//1180
f 1008//1181 1022//1181 1023//1181
f 1008//1182 1023//1182 1009//1182
f 1009//1183 1023//1183 1024//1183
f 1009//1184 1024//1184 1010//1184
f 1010//1185 1024//1185 1025//1185
f 1010//1186 1025//1186 1011//1186
f 1011//1187 1025//1187 1026//1187
f 1011//1187 1026//1187 1012//1187
f 1012//1188 1026//1188 1027//1188
f 1012//1189 1027//1189 1013//1189
f 1013//1190 1027//1190 1028//1190
f 1013//1191 1028//1191 1014//1191
f 1014//1192 1028//1192 1015//1192
f 1014//1193 1015//1193 1001//1193
f 1015//1194 1029//1194 1030//1194
f 1015//1195 1030//1195 1016//1195
f 1016//1196 1030//1196 1031//1196
f 1016//1197 1031//1197 1017//1197
f 1017//1198 1031//1198 1032//1198
f 1017//1199 1032//1199 1018//1199
f 1018//1200 1032//1200 1033//1200
f 1018//1200 1033//1200 1019//1200
f 1019//1201 1033//1201 1034//1201
f 1019//1202 1034//1202 1020//1202
f 1020//1203 1034//1203 1035//1203
f 1020//1204 1035//1204 1021//1204
f 1021//1205 1035//1205 1036//1205
f 1021//1206 1036//1206 1022//1206
f 1022//1207 1036//1207 1037//1207
f 1022//1208 1037//1208 1023//1208
f 1023//1209 1037//1209 1038//1209
f 1023//1210 1038//1210 1024//1210
f 1024//1211 1038//1211 1039//1211
f 1024//1212 1039//1212 1025//1212
f 1025//1213 1039//1213 1040//1213
f 1025//1213 1040//1213 1026//1213
f 1026//1214 1040//1214 1041//1214
f 1026//1215 1041//1215 1027//1215
f 1027//1216 1041//1216 1042//1216
f 1027//1217 1042//1217 1028//1217
f 1028//1218 1042//1218 1029//1218
f 1028//1219 1029//1219 1015//1219
f 1029//1220 1043//1220 1044//1220
f 1029//1220 1044//1220 1030//1220
f 1030//1221 1044//1221 1045//1221
f 1030//1222 1045//1222 1031//1222
f 1031//1223 1045//1223 1046//1223
f 1031//1224 1046//1224 1032//1224
f 1032//1225 1046//1225 1047//1225
f 1032//1225 1047//1225 1033//1225
f 1033//1226 1047//1226 1048//1226
f 1033//1227 1048//1227 1034//1227
f 1034//1228 1048//1228 1049//1228
f 1034//1228 1049//1228 1035//1228
f 1035//1229 1049//1229 1050//1229
f 1035//1230 1050//1230 1036//1230
f 1036//1231 1050//1231 1051//1231
f 1036//1232 1051//1232 1037//1232
f 1037//1233 1051//1233 1052//1233
f 1037//1234 1052//1234 1038//1234
f 1038//1235 1052//1235 1053//1235
f 1038//1235 1053//1235 1039//1235
f 1039//1236 1053//1236 1054//1236
f 1039//1236 1054//1236 1040//1236
f 1040//1237 1054//1237 1055//1237
f 1040//1238 1055//1238 1041//1238
f 1041//1239 1055//1239 1056//1239
f 1041//1240 1056//1240 1042//1240
f 1042//1241 1056//1241 1043//1241
f 1042//1242 1043//1242 1029//1242
f 1043//1243 1057//1243 1058//1243
f 1043//1243 1058//1243 1044//1243
f 1044//1244 1058//1244 1059//1244
f 1044//1244 1059//1244 1045//1244
f 1045//1245 1059//1245 1060//1245
f 1045//1246 1060//1246 1046//1246
f 1046//1247 1060//1247 1061//1247
f 1046//1247 1061//1247 1047//1247
f 1047//1248 1061//1248 1062//1248
f 1047//1249 1062//1249 1048//1249
f 1048//1250 1062//1250 1063//1250
f 1048//1250 1063//1250 1049//1250
f 1049//1251 1063//1251 1064//1251
f 1049//1252 1064//1252 1050//1252
f 1050//1253 1064//1253 1065//1253
f 1050//1254 1065//1254 1051//1254
f 1051//1255 1065//1255 1066//1255
f 1051//1256 1066//1256 1052//1256
f 1052//1257 1066//1257 1067//1257
f 1052//1258 1067//1258 1053//1258
f 1053//1259 1067//1259 1068//1259
f 1053//1259 1068//1259 1054//1259
f 1054//1260 1068//1260 1069//1260
f 1054//1261 1069//1261 1055//1261
f 1055//1262 1069//1262 1070//1262
f 1055//1263 1070//1263 1056//1263
f 1056//1264 1070//1264 1057//1264
f 1056//1264 1057//1264 1043//1264
f 1057//1265 1071//1265 1072//1265
f 1057//1265 1072//1265 1058//1265
f 1058//1266 1072//1266 1073//1266
f 1058//1266 1073//1266 1059//1266
f 1059//1267 1073//1267 1074//1267
f 1059//1268 1074//1268 1060//1268
f 1060//1269 1074//1269 1075//1269
f 1060//1269 1075//1269 1061//1269
f 1061//1270 1075//1270 1076//1270
f 1061//1271 1076//1271 1062//1271
f 1062//1272 1076//1272 1077//1272
f 1062//1272 1077//1272 1063//1272
f 1063//1273 1077//1273 1078//1273
f 1063//1273 1078//1273 1064//1273
f 1064//1274 1078//1274 1079//1274
f 1064//1274 1079//1274 1065//1274
f 1065//1275 1079//1275 1080//1275
f 1065//1275 1080//1275 1066//1275
f 1066//1276 1080//1276 1081//1276
f 1066//1277 1081//1277 1067//1277
f 1067//1278 1081//1278 1082//1278
f 1067//1278 1082//1278 1068//1278
f 1068//1279 1082//1279 1083//1279
f 1068//1280 1083//1280 1069//1280
f 1069//1281 1083//1281 1084//1281
f 1069//1281 1084//1281 1070//1281
f 1070//1282 1084//1282 1071//1282
f 1070//1282 1071//1282 1057//1282
f 1071//1283 1085//1283 1086//1283
f 1071//1283 1086//1283 1072//1283
f 1072//1284 1086//1284 1087//1284
f 1072//1284 1087//1284 1073//1284
f 1073//1285 1087//1285 1088//1285
f 1073//1285 1088//1285 1074//1285
f 1074//1286 1088//1286 1089//1286
f 1074//1286 1089//1286 1075//1286
f 1075//1287 1089//1287 1090//1287
f 1075//1287 1090//1287 1076//1287
f 1076//1288 1090//1288 1091//1288
f 1076//1288 1091//1288 1077//1288
f 1077//1289 1091//1289 1092//1289
f 1077//1289 1092//1289 1078//1289
f 1078//1290 1092//1290 1093//1290
f 1078//1290 1093//1290 1079//1290
f 1079//1291 1093//1291 1094//1291
f 1079//1292 1094//1292 1080//1292
f 1080//1293 1094//1293 1095//1293
f 1080//1294 1095//1294 1081//1294
f 1081//1295 1095//1295 1096//1295
f 1081//1295 1096//1295 1082//1295
f 1082//1296 1096//1296 1097//1296
f 1082//1297 1097//1297 1083//1297
f 1083//1298 1097//1298 1098//1298
f 1083//1299 1098//1299 1084//1299
f 1084//1300 1098//1300 1085//1300
f 1084//1300 1085//1300 1071//1300
f 1085//1301 1099//1301 1100//1301
f 1085//1301 1100//1301 1086//1301
f 1086//1302 1100//1302 1101//1302
f 1086//1302 1101//1302 1087//1302
f 1087//1303 1101//1303 1102//1303
f 1087//1304 1102//1304 1088//1304
f 1088//1305 1102//1305 1103//1305
f 1088//1305 1103//1305 1089//1305
f 1089//1306 1103//1306 1104//1306
f 1089//1307 1104//1307 1090//1307
f 1090//1308 1104//1308 1105//1308
f 1090//1308 1105//1308 1091//1308
f 1091//1309 1105//1309 1106//1309
f 1091//1309 1106//1309 1092//1309
f 1092//1310 1106//1310 1107//1310
f 1092//1311 1107//1311 1093//1311
f 1093//1312 1107//1312 1108//1312
f 1093//1312 1108//1312 1094//1312
f 1094//1313 1108//1313 1109//1313
f 1094//1313 1109//1313 1095//1313
f 1095//1314 1109//1314 1110//1314
f 1095//1314 1110//1314 1096//1314
f 1096//1315 1110//1315 1111//1315
f 1096//1316 1111//1316 1097//1316
f 1097//1317 1111//1317 1112//1317
f 1097//1317 1112//1317 1098//1317
f 1098//1318 1112//1318 1099//1318
f 1098//1319 1099//1319 1085//1319
f 1099//1320 1113//1320 1114//1320
f 1099//1321 1114//1321 1100//1321
f 1100//1322 1114//1322 1115//1322
f 1100//1322 1115//1322 1101//1322
f 1101//1323 1115//1323 1116//1323
f 1101//1323 1116//1323 1102//1323
f 1102//1324 1116//1324 1117//1324
f 1102//1324 1117//1324 1103//1324
f 1103//1325 1117//1325 1118//1325
f 1103//1325 1118//1325 1104//1325
f 1104//1326 1118//1326 1119//1326
f 1104//1326 1119//1326 1105//1326
f 1105//1327 1119//1327 1120//1327
f 1105//1327 1120//1327 1106//1327
f 1106//1328 1120//1328 1121//1328
f 1106//1328 1121//1328 1107//1328
f 1107//1329 1121//1329 1122//1329
f 1107//1329 1122//1329 1108//1329
f 1108//1330 1122//1330 1123//1330
f 1108//1330 1123//1330 1109//1330
f 1109//1331 1123//1331 1124//1331
f 1109//1331 1124//1331 1110//1331
f 1110//1332 1124//1332 1125//1332
f 1110//1332 1125//1332 1111//1332
f 1111//1333 1125//1333 1126//1333
f 1111//1333 1126//1333 1112//1333
f 1112//1334 1126//1334 1113//1334
f 1112//1334 1113//1334 1099//1334
f 1113//1335 1127//1335 1128//1335
f 1113//1335 1128//1335 1114//1335
f 1114//1336 1128//1336 1129//1336
f 1114//1336 1129//1336 1115//1336
f 1115//1337 1129//1337 1130//1337
f 1115//1338 1130//1338 1116//1338
f 1116//1339 1130//1339 1131//1339
f 1116//1339 1131//1339 1117//1339
f 1117//1340 1131//1340 1132//1340
f 1117//1341 1132//1341 1118//1341
f 1118//1342 1132//1342 1133//1342
f 1118//1342 1133//1342 1119//1342
f 1119//1343 1133//1343 1134//1343
f 1119//1343 1134//1343 1120//1343
f 1120//1344 1134//1344 1135//1344
f 1120//1345 1135//1345 1121//1345
f 1121//1346 1135//1346 1136//1346
f 1121//1346 1136//1346 1122//1346
f 1122//1347 1136//1347 1137//1347
f 1122//1347 1137//1347 1123//1347
f 1123//1348 1137//1348 1138//1348
f 1123//1348 1138//1348 1124//1348
f 1124//1349 1138//1349 1139//1349
f 1124//1349 1139//1349 1125//1349
f 1125//1350 1139//1350 1140//1350
f 1125//1350 1140//1350 1126//1350
f 1126//1351 1140//1351 1127//1351
f 1126//1352 1127//1352 1113//1352
f 1127//1353 1141//1353 1142//1353
f 1127//1353 1142//1353 1128//1353
f 1128//1354 1142//1354 1143//1354
f 1128//1354 1143//1354 1129//1354
f 1129//1355 1143//1355 1144//1355
f 1129//1356 1144//1356 1130//1356
f 1130//1357 1144//1357 1145//1357
f 1130//1357 1145//1357 1131//1357
f 1131//1358 1145//1358 1146//1358
f 1131//1358 1146//1358 1132//1358
f 1132//1359 1146//1359 1147//1359
f 1132//1359 1147//1359 1133//1359
f 1133//1360 1147//1360 1148//1360
f 1133//1360 1148//1360 1134//1360
f 1134//1361 1148//1361 1149//1361
f 1134//1361 1149//1361 1135//1361
f 1135//1362 1149//1362 1150//1362
f 1135//1363 1150//1363 1136//1363
f 1136//1364 1150//1364 1151//1364
f 1136//1365 1151//1365 1137//1365
f 1137//1366 1151//1366 1152//1366
f 1137//1366 1152//1366 1138//1366
f 1138//1367 1152//1367 1153//1367
f 1138//1368 1153//1368 1139//1368
f 1139//1369 1153//1369 1154//1369
f 1139//1370 1154//1370 1140//1370
f 1140//1371 1154//1371 1141//1371
f 1140//1371 1141//1371 1127//1371
f 1141//1372 1155//1372 1156//1372
f 1141//1372 1156//1372 1142//1372
f 1142//1373 1156//1373 1157//1373
f 1142//1374 1157//1374 1143//1374
f 1143//1375 1157//1375 1158//1375
f 1143//1376 1158//1376 1144//1376
f 1144//1377 1158//1377 1159//1377
f 1144//1377 1159//1377 1145//1377
f 1145//1378 1159//1378 1160//1378
f 1145//1379 1160//1379 1146//1379
f 1146//1380 1160//1380 1161//1380
f 1146//1381 1161//1381 1147//1381
f 1147//1382 1161//1382 1162//1382
f 1147//1382 1162//1382 1148//1382
f 1148//1383 1162//1383 1163//1383
f 1148//1383 1163//1383 1149//1383
f 1149//1384 1163//1384 1164//1384
f 1149//1384 1164//1384 1150//1384
f 1150//1385 1164//1385 1165//1385
f 1150//1386 1165//1386 1151//1386
f 1151//1387 1165//1387 1166//1387
f 1151//1387 1166//1387 1152//1387
f 1152//1388 1166//1388 1167//1388
f 1152//1389 1167//1389 1153//1389
f 1153//1390 1167//1390 1168//1390
f 1153//1390 1168//1390 1154//1390
f 1154//1391 1168//1391 1155//1391
f 1154//1391 1155//1391 1141//1391
f 1155//1392 1169//1392 1170//1392
f 1155//1392 1170//1392 1156//1392
f 1156//1393 1170//1393 1171//1393
f 1156//1393 1171//1393 1157//1393
f 1157//1394 1171//1394 1172//1394
f 1157//1395 1172//1395 1158//1395
f 1158//1396 1172//1396 1173//1396
f 1158//1396 1173//1396 1159//1396
f 1159//1397 1173//1397 1174//1397
f 1159//1398 1174//1398 1160//1398
f 1160//1399 1174//1399 1175//1399
f 1160//1399 1175//1399 1161//1399
f 1161//1400 1175//1400 1176//1400
f 1161//1401 1176//1401 1162//1401
f 1162//1402 1176//1402 1177//1402
f 1162//1402 1177//1402 1163//1402
f 1163//1403 1177//1403 1178//1403
f 1163//1404 1178//1404 1164//1404
f 1164//1405 1178//1405 1179//1405
f 1164//1406 1179//1406 1165//1406
f 1165//1407 1179//1407 1180//1407
f 1165//1407 1180//1407 1166//1407
f 1166//1408 1180//1408 1181//1408
f 1166//1409 1181//1409 1167//1409
f 1167//1410 1181//1410 1182//1410
f 1167//1411 1182//1411 1168//1411
f 1168//1412 1182//1412 1169//1412
f 1168//1413 1169//1413 1155//1413
f 1169//1414 1183//1414 1184//1414
f 1169//1415 1184//1415 1170//1415
f 1170//1416 1184//1416 1185//1416
f 1170//1417 1185//1417 1171//1417
f 1171//1418 1185//1418 1186//1418
f 1171//1419 1186//1419 1172//1419
f 1172//1420 1186//1420 1187//1420
f 1172//1420 1187//1420 1173//1420
f 1173//1421 1187//1421 1188//1421
f 1173//1422 1188//1422 1174//1422
f 1174//1423 1188//1423 1189//1423
f 1174//1424 1189//1424 1175//1424
f 1175//1425 1189//1425 1190//1425
f 1175//1426 1190//1426 1176//1426
f 1176//1427 1190//1427 1191//1427
f 1176//1428 1191//1428 1177//1428
f 1177//1429 1191//1429 1192//1429
f 1177//1430 1192//1430 1178//1430
f 1178//1431 1192//1431 1193//1431
f 1178//1432 1193//1432 1179//1432
f 1179//1433 1193//1433 1194//1433
f 1179//1433 1194//1433 1180//1433
f 1180//1434 1194//1434 1195//1434
f 1180//1435 1195//1435 1181//1435
f 1181//1436 1195//1436 1196//1436
f 1181//1437 1196//1437 1182//1437
f 1182//1438 1196//1438 1183//1438
f 1182//1439 1183//1439 1169//1439
f 1183//1440 1197//1440 1198//1440
f 1183//1441 1198//1441 1184//1441
f 1184//1442 1198//1442 1199//1442
f 1184//1443 1199//1443 1185//1443
f 1185//1444 1199//1444 1200//1444
f 1185//1445 1200//1445 1186//1445
f 1186//1446 1200//1446 1201//1446
f 1186//1446 1201//1446 1187//1446
f 1187//1447 1201//1447 1202//1447
f 1187//1448 1202//1448 1188//1448
f 1188//1449 1202//1449 1203//1449
f 1188//1450 1203//1450 1189//1450
f 1189//1451 1203//1451 1204//1451
f 1189//1452 1204//1452 1190//1452
f 1190//1453 1204//1453 1205//1453
f 1190//1454 1205//1454 1191//1454
f 1191//1455 1205//1455 1206//1455
f 1191//1456 1206//1456 1192//1456
f 1192//1457 1206//1457 1207//1457
f 1192//1458 1207//1458 1193//1458
f 1193//1459 1207//1459 1208//1459
f 1193//1459 1208//1459 1194//1459
f 1194//1460 1208//1460 1209//1460
f 1194//1461 1209//1461 1195//1461
f 1195//1462 1209//1462 1210//1462
f 1195//1463 1210//1463 1196//1463
f 1196//1464 1210//1464 1197//1464
f 1196//1465 1197//1465 1183//1465
f 1197//1466 1211//1466 1212//1466
f 1197//1467 1212//1467 1198//1467
f 1198//1468 1212//1468 1213//1468
f 1198//1469 1213//1469 1199//1469
f 1199//1470 1213//1470 1214//1470
f 1199//1471 1214//1471 1200//1471
f 1200//1472 1214//1472 1215//1472
f 1200//1472 1215//1472 1201//1472
f 1201//1473 1215//1473 1216//1473
f 1201//1474 1216//1474 1202//1474
f 1202//1475 1216//1475 1217//1475
f 1202//1476 1217//1476 1203//1476
f 1203//1477 1217//1477 1218//1477
f 1203//1478 1218//1478 1204//1478
f 1204//1479 1218//1479 1219//1479
f 1204//1480 1219//1480 1205//1480
f 1205//1481 1219//1481 1220//1481
f 1205//1482 1220//1482 1206//1482
f 1206//1483 1220//1483 1221//1483
f 1206//1484 1221//1484 1207//1484
f 1207//1485 1221//1485 1222//1485
f 1207//1485 1222//1485 1208//1485
f 1208//1486 1222//1486 1223//1486
f 1208//1487 1223//1487 1209//1487
f 1209//1488 1223//1488 1224//1488
f 1209//1489 1224//1489 1210//1489
f 1210//1490 1224//1490 1211//1490
f 1210//1491 1211//1491 1197//1491
f 1211//1492 1225//1492 1226//1492
f 1211//1493 1226//1493 1212//1493
f 1212//1494 1226//1494 1227//1494
f 1212//1495 1227//1495 1213//1495
f 1213//1496 1227//1496 1228//1496
f 1213//1497 1228//1497 1214//1497
f 1214//1498 1228//1498 1229//1498
f 1214//1498 1229//1498 1215//1498
f 1215//1499 1229//1499 1230//1499
f 1215//1500 1230//1500 1216//1500
f 1216//1501 1230//1501 1231//1501
f 1216//1502 1231//1502 1217//1502
f 1217//1503 1231//1503 1232//1503
f 1217//1504 1232//1504 1218//1504
f 1218//1505 1232//1505 1233//1505
f 1218//1506 1233//1506 1219//1506
f 1219//1507 1233//1507 1234//1507
f 1219//1508 1234//1508 1220//1508
f 1220//1509 1234//1509 1235//1509
f 1220//1510 1235//1510 1221//1510
f 1221//1511 1235//1511 1236//1511
f 1221//1512 1236//1512 1222//1512
f 1222//1513 1236//1513 1237//1513
f 1222//1514 1237//1514 1223//1514
f 1223//1515 1237//1515 1238//1515
f 1223//1516 1238//1516 1224//1516
f 1224//1517 1238//1517 1225//1517
f 1224//1518 1225//1518 1211//1518
f 1225//1519 1239//1519 1240//1519
f 1225//1520 1240//1520 1226//1520
f 1226//1521 1240//1521 1241//1521
f 1226//1522 1241//1522 1227//1522
f 1227//1523 1241//1523 1242//1523
f 1227//1524 1242//1524 1228//1524
f 1228//1525 1242//1525 1243//1525
f 1228//1525 1243//1525 1229//1525
f 1229//1526 1243//1526 1244//1526
f 1229//1527 1244//1527 1230//1527
f 1230//1528 1244//1528 1245//1528
f 1230//1529 1245//1529 1231//1529
f 1231//1530 1245//1530 1246//1530
f 1231//1531 1246//1531 1232//1531
f 1232//1532 1246//1532 1247//1532
f 1232//1533 1247//1533 1233//1533
f 1233//1534 1247//1534 1248//1534
f 1233//1535 1248//1535 1234//1535
f 1234//1536 1248//1536 1249//1536
f 1234//1537 1249//1537 1235//1537
f 1235//1538 1249//1538 1250//1538
f 1235//1538 1250//1538 1236//1538
f 1236//1539 1250//1539 1251//1539
f 1236//1540 1251//1540 1237//1540
f 1237//1541 1251//1541 1252//1541
f 1237//1542 1252//1542 1238//1542
f 1238//1543 1252//1543 1239//1543
f 1238//1544 1239//1544 1225//1544
f 1239//1545 1253//1545 1254//1545
f 1239//1546 1254//1546 1240//1546
f 1240//1547 1254//1547 1255//1547
f 1240//1548 1255//1548 1241//1548
f 1241//1549 1255//1549 1256//1549
f 1241//1550 1256//1550 1242//1550
f 1242//1551 1256//1551 1257//1551
f 1242//1551 1257//1551 1243//1551
f 1243//1552 1257//1552 1258//1552
f 1243//1553 1258//1553 1244//1553
f 1244//1554 1258//1554 1259//1554
f 1244//1555 1259//1555 1245//1555
f 1245//1556 1259//1556 1260//1556
f 1245//1557 1260//1557 1246//1557
f 1246//1558 1260//1558 1261//1558
f 1246//1559 1261//1559 1247//1559
f 1247//1560 1261//1560 1262//1560
f 1247//1561 1262//1561 1248//1561
f 1248//1562 1262//1562 1263//1562
f 1248//1563 1263//1563 1249//1563
f 1249//1564 1263//1564 1264//1564
f 1249//1564 1264//1564 1250//1564
f 1250//1565 1264//1565 1265//1565
f 1250//1566 1265//1566 1251//1566
f 1251//1567 1265//1567 1266//1567
f 1251//1568 1266//1568 1252//1568
f 1252//1569 1266//1569 1253//1569
f 1252//1570 1253//1570 1239//1570
f 1267//1571 960//1571 959//1571
f 1268//1572 1253//1572 1254//1572
f 1267//1571 961//1571 960//1571
f 1268//1572 1254//1572 1255//1572
f 1267//1571 962//1571 961//1571
f 1268//1572 1255//1572 1256//1572
f 1267//1571 963//1571 962//1571
f 1268//1572 1256//1572 1257//1572
f 1267//1571 964//1571 963//1571
f 1268//1572 1257//1572 1258//1572
f 1267//1571 965//1571 964//1571
f 1268//1572 1258//1572 1259//1572
f 1267//1571 966//1571 965//1571
f 1268//1572 1259//1572 1260//1572
f 1267//1571 967//1571 966//1571
f 1268//1572 1260//1572 1261//1572
f 1267//1573 968//1573 967//1573
f 1268//1572 1261//1572 1262//1572
f 1267//1571 969//1571 968//1571
f 1268//1574 1262//1574 1263//1574
f 1267//1571 970//1571 969//1571
f 1268//1572 1263//1572 1264//1572
f 1267//1573 971//1573 970//1573
f 1268//1572 1264//1572 1265//1572
f 1267//1571 972//1571 971//1571
f 1268//1572 1265//1572 1266//1572
f 1267//1571 959//1571 972//1571
f 1268//1572 1266//1572 1253//1572
o upper_drawer_bottom_bevel_line
v -0.465000 0.485500 -0.369308
v 0.465000 0.485500 -0.369308
v 0.465000 0.497500 -0.369308
v -0.465000 0.497500 -0.369308
v -0.465000 0.485500 -0.359308
v 0.465000 0.485500 -0.359308
v 0.465000 0.497500 -0.359308
v -0.465000 0.497500 -0.359308
vn -0.0000 -0.0000 -1.0000
vn -0.0000 -0.0000 1.0000
vn -0.0000 -1.0000 -0.0000
vn -0.0000 1.0000 -0.0000
vn -1.0000 -0.0000 -0.0000
vn 1.0000 -0.0000 -0.0000
s 0
usemtl wood_edge_shadow
f 1269//1575 1271//1575 1270//1575
f 1269//1575 1272//1575 1271//1575
f 1273//1576 1274//1576 1275//1576
f 1273//1576 1275//1576 1276//1576
f 1269//1577 1270//1577 1274//1577
f 1269//1577 1274//1577 1273//1577
f 1272//1578 1276//1578 1275//1578
f 1272//1578 1275//1578 1271//1578
f 1269//1579 1273//1579 1276//1579
f 1269//1579 1276//1579 1272//1579
f 1270//1580 1271//1580 1275//1580
f 1270//1580 1275//1580 1274//1580
o upper_drawer_front_panel
v -0.460000 0.497500 -0.363808
v 0.460000 0.497500 -0.363808
v 0.460000 0.782500 -0.363808
v -0.460000 0.782500 -0.363808
v -0.460000 0.497500 -0.328808
v 0.460000 0.497500 -0.328808
v 0.460000 0.782500 -0.328808
v -0.460000 0.782500 -0.328808
vn -0.0000 -0.0000 -1.0000
vn -0.0000 -0.0000 1.0000
vn -0.0000 -1.0000 -0.0000
vn -0.0000 1.0000 -0.0000
vn -1.0000 -0.0000 -0.0000
vn 1.0000 -0.0000 -0.0000
s 0
usemtl wood_panel_light
f 1277//1581 1279//1581 1278//1581
f 1277//1581 1280//1581 1279//1581
f 1281//1582 1282//1582 1283//1582
f 1281//1582 1283//1582 1284//1582
f 1277//1583 1278//1583 1282//1583
f 1277//1583 1282//1583 1281//1583
f 1280//1584 1284//1584 1283//1584
f 1280//1584 1283//1584 1279//1584
f 1277//1585 1281//1585 1284//1585
f 1277//1585 1284//1585 1280//1585
f 1278//1586 1279//1586 1283//1586
f 1278//1586 1283//1586 1282//1586
o upper_drawer_left_bevel_line
v -0.472000 0.497500 -0.369308
v -0.460000 0.497500 -0.369308
v -0.460000 0.782500 -0.369308
v -0.472000 0.782500 -0.369308
v -0.472000 0.497500 -0.359308
v -0.460000 0.497500 -0.359308
v -0.460000 0.782500 -0.359308
v -0.472000 0.782500 -0.359308
vn -0.0000 -0.0000 -1.0000
vn -0.0000 -0.0000 1.0000
vn -0.0000 -1.0000 -0.0000
vn -0.0000 1.0000 -0.0000
vn -1.0000 -0.0000 -0.0000
vn 1.0000 -0.0000 -0.0000
s 0
usemtl wood_edge_shadow
f 1285//1587 1287//1587 1286//1587
f 1285//1587 1288//1587 1287//1587
f 1289//1588 1290//1588 1291//1588
f 1289//1588 1291//1588 1292//1588
f 1285//1589 1286//1589 1290//1589
f 1285//1589 1290//1589 1289//1589
f 1288//1590 1292//1590 1291//1590
f 1288//1590 1291//1590 1287//1590
f 1285//1591 1289//1591 1292//1591
f 1285//1591 1292//1591 1288//1591
f 1286//1592 1287//1592 1291//1592
f 1286//1592 1291//1592 1290//1592
o upper_drawer_right_bevel_line
v 0.460000 0.497500 -0.369308
v 0.472000 0.497500 -0.369308
v 0.472000 0.782500 -0.369308
v 0.460000 0.782500 -0.369308
v 0.460000 0.497500 -0.359308
v 0.472000 0.497500 -0.359308
v 0.472000 0.782500 -0.359308
v 0.460000 0.782500 -0.359308
vn -0.0000 -0.0000 -1.0000
vn -0.0000 -0.0000 1.0000
vn -0.0000 -1.0000 -0.0000
vn -0.0000 1.0000 -0.0000
vn -1.0000 -0.0000 -0.0000
vn 1.0000 -0.0000 -0.0000
s 0
usemtl wood_edge_shadow
f 1293//1593 1295//1593 1294//1593
f 1293//1593 1296//1593 1295//1593
f 1297//1594 1298//1594 1299//1594
f 1297//1594 1299//1594 1300//1594
f 1293//1595 1294//1595 1298//1595
f 1293//1595 1298//1595 1297//1595
f 1296//1596 1300//1596 1299//1596
f 1296//1596 1299//1596 1295//1596
f 1293//1597 1297//1597 1300//1597
f 1293//1597 1300//1597 1296//1597
f 1294//1598 1295//1598 1299//1598
f 1294//1598 1299//1598 1298//1598
o upper_drawer_top_bevel_line
v -0.465000 0.782500 -0.369308
v 0.465000 0.782500 -0.369308
v 0.465000 0.794500 -0.369308
v -0.465000 0.794500 -0.369308
v -0.465000 0.782500 -0.359308
v 0.465000 0.782500 -0.359308
v 0.465000 0.794500 -0.359308
v -0.465000 0.794500 -0.359308
vn -0.0000 -0.0000 -1.0000
vn -0.0000 -0.0000 1.0000
vn -0.0000 -1.0000 -0.0000
vn -0.0000 1.0000 -0.0000
vn -1.0000 -0.0000 -0.0000
vn 1.0000 -0.0000 -0.0000
s 0
usemtl wood_edge_shadow
f 1301//1599 1303//1599 1302//1599
f 1301//1599 1304//1599 1303//1599
f 1305//1600 1306//1600 1307//1600
f 1305//1600 1307//1600 1308//1600
f 1301//1601 1302//1601 1306//1601
f 1301//1601 1306//1601 1305//1601
f 1304//1602 1308//1602 1307//1602
f 1304//1602 1307//1602 1303//1602
f 1301//1603 1305//1603 1308//1603
f 1301//1603 1308//1603 1304//1603
f 1302//1604 1303//1604 1307//1604
f 1302//1604 1307//1604 1306//1604
o upper_handle_left_mount
v 0.077000 0.660000 -0.375308
v 0.076080 0.666988 -0.375308
v 0.073383 0.673500 -0.375308
v 0.069092 0.679092 -0.375308
v 0.063500 0.683383 -0.375308
v 0.056988 0.686080 -0.375308
v 0.050000 0.687000 -0.375308
v 0.043012 0.686080 -0.375308
v 0.036500 0.683383 -0.375308
v 0.030908 0.679092 -0.375308
v 0.026617 0.673500 -0.375308
v 0.023920 0.666988 -0.375308
v 0.023000 0.660000 -0.375308
v 0.023920 0.653012 -0.375308
v 0.026617 0.646500 -0.375308
v 0.030908 0.640908 -0.375308
v 0.036500 0.636617 -0.375308
v 0.043012 0.633920 -0.375308
v 0.050000 0.633000 -0.375308
v 0.056988 0.633920 -0.375308
v 0.063500 0.636617 -0.375308
v 0.069092 0.640908 -0.375308
v 0.073383 0.646500 -0.375308
v 0.076080 0.653012 -0.375308
v 0.077000 0.660000 -0.357308
v 0.076080 0.666988 -0.357308
v 0.073383 0.673500 -0.357308
v 0.069092 0.679092 -0.357308
v 0.063500 0.683383 -0.357308
v 0.056988 0.686080 -0.357308
v 0.050000 0.687000 -0.357308
v 0.043012 0.686080 -0.357308
v 0.036500 0.683383 -0.357308
v 0.030908 0.679092 -0.357308
v 0.026617 0.673500 -0.357308
v 0.023920 0.666988 -0.357308
v 0.023000 0.660000 -0.357308
v 0.023920 0.653012 -0.357308
v 0.026617 0.646500 -0.357308
v 0.030908 0.640908 -0.357308
v 0.036500 0.636617 -0.357308
v 0.043012 0.633920 -0.357308
v 0.050000 0.633000 -0.357308
v 0.056988 0.633920 -0.357308
v 0.063500 0.636617 -0.357308
v 0.069092 0.640908 -0.357308
v 0.073383 0.646500 -0.357308
v 0.076080 0.653012 -0.357308
v 0.050000 0.660000 -0.375308
v 0.050000 0.660000 -0.357308
vn 0.9914 0.1305 -0.0000
vn -0.0000 -0.0000 -1.0000
vn -0.0000 -0.0000 1.0000
vn 0.9239 0.3826 -0.0000
vn 0.7933 0.6088 -0.0000
vn 0.6088 0.7933 -0.0000
vn 0.3826 0.9239 -0.0000
vn 0.1305 0.9914 -0.0000
vn -0.1305 0.9914 -0.0000
vn -0.3826 0.9239 -0.0000
vn -0.6088 0.7933 -0.0000
vn -0.7933 0.6088 -0.0000
vn -0.9239 0.3826 -0.0000
vn -0.9914 0.1305 -0.0000
vn -0.9914 -0.1305 -0.0000
vn -0.9239 -0.3826 -0.0000
vn -0.7933 -0.6088 -0.0000
vn -0.6088 -0.7933 -0.0000
vn -0.3826 -0.9239 -0.0000
vn -0.1305 -0.9914 -0.0000
vn 0.1305 -0.9914 -0.0000
vn 0.3826 -0.9239 -0.0000
vn 0.6088 -0.7933 -0.0000
vn 0.7933 -0.6088 -0.0000
vn 0.9239 -0.3826 -0.0000
vn 0.9914 -0.1305 -0.0000
s 0
usemtl silver_metal
f 1309//1605 1310//1605 1334//1605
f 1309//1605 1334//1605 1333//1605
f 1357//1606 1310//1606 1309//1606
f 1358//1607 1333//1607 1334//1607
f 1310//1608 1311//1608 1335//1608
f 1310//1608 1335//1608 1334//1608
f 1357//1606 1311//1606 1310//1606
f 1358//1607 1334//1607 1335//1607
f 1311//1609 1312//1609 1336//1609
f 1311//1609 1336//1609 1335//1609
f 1357//1606 1312//1606 1311//1606
f 1358//1607 1335//1607 1336//1607
f 1312//1610 1313//1610 1337//1610
f 1312//1610 1337//1610 1336//1610
f 1357//1606 1313//1606 1312//1606
f 1358//1607 1336//1607 1337//1607
f 1313//1611 1314//1611 1338//1611
f 1313//1611 1338//1611 1337//1611
f 1357//1606 1314//1606 1313//1606
f 1358//1607 1337//1607 1338//1607
f 1314//1612 1315//1612 1339//1612
f 1314//1612 1339//1612 1338//1612
f 1357//1606 1315//1606 1314//1606
f 1358//1607 1338//1607 1339//1607
f 1315//1613 1316//1613 1340//1613
f 1315//1613 1340//1613 1339//1613
f 1357//1606 1316//1606 1315//1606
f 1358//1607 1339//1607 1340//1607
f 1316//1614 1317//1614 1341//1614
f 1316//1614 1341//1614 1340//1614
f 1357//1606 1317//1606 1316//1606
f 1358//1607 1340//1607 1341//1607
f 1317//1615 1318//1615 1342//1615
f 1317//1615 1342//1615 1341//1615
f 1357//1606 1318//1606 1317//1606
f 1358//1607 1341//1607 1342//1607
f 1318//1616 1319//1616 1343//1616
f 1318//1616 1343//1616 1342//1616
f 1357//1606 1319//1606 1318//1606
f 1358//1607 1342//1607 1343//1607
f 1319//1617 1320//1617 1344//1617
f 1319//1617 1344//1617 1343//1617
f 1357//1606 1320//1606 1319//1606
f 1358//1607 1343//1607 1344//1607
f 1320//1618 1321//1618 1345//1618
f 1320//1618 1345//1618 1344//1618
f 1357//1606 1321//1606 1320//1606
f 1358//1607 1344//1607 1345//1607
f 1321//1619 1322//1619 1346//1619
f 1321//1619 1346//1619 1345//1619
f 1357//1606 1322//1606 1321//1606
f 1358//1607 1345//1607 1346//1607
f 1322//1620 1323//1620 1347//1620
f 1322//1620 1347//1620 1346//1620
f 1357//1606 1323//1606 1322//1606
f 1358//1607 1346//1607 1347//1607
f 1323//1621 1324//1621 1348//1621
f 1323//1621 1348//1621 1347//1621
f 1357//1606 1324//1606 1323//1606
f 1358//1607 1347//1607 1348//1607
f 1324//1622 1325//1622 1349//1622
f 1324//1622 1349//1622 1348//1622
f 1357//1606 1325//1606 1324//1606
f 1358//1607 1348//1607 1349//1607
f 1325//1623 1326//1623 1350//1623
f 1325//1623 1350//1623 1349//1623
f 1357//1606 1326//1606 1325//1606
f 1358//1607 1349//1607 1350//1607
f 1326//1624 1327//1624 1351//1624
f 1326//1624 1351//1624 1350//1624
f 1357//1606 1327//1606 1326//1606
f 1358//1607 1350//1607 1351//1607
f 1327//1625 1328//1625 1352//1625
f 1327//1625 1352//1625 1351//1625
f 1357//1606 1328//1606 1327//1606
f 1358//1607 1351//1607 1352//1607
f 1328//1626 1329//1626 1353//1626
f 1328//1626 1353//1626 1352//1626
f 1357//1606 1329//1606 1328//1606
f 1358//1607 1352//1607 1353//1607
f 1329//1627 1330//1627 1354//1627
f 1329//1627 1354//1627 1353//1627
f 1357//1606 1330//1606 1329//1606
f 1358//1607 1353//1607 1354//1607
f 1330//1628 1331//1628 1355//1628
f 1330//1628 1355//1628 1354//1628
f 1357//1606 1331//1606 1330//1606
f 1358//1607 1354//1607 1355//1607
f 1331//1629 1332//1629 1356//1629
f 1331//1629 1356//1629 1355//1629
f 1357//1606 1332//1606 1331//1606
f 1358//1607 1355//1607 1356//1607
f 1332//1630 1309//1630 1333//1630
f 1332//1630 1333//1630 1356//1630
f 1357//1606 1309//1606 1332//1606
f 1358//1607 1356//1607 1333//1607
o upper_handle_right_mount
v 0.417000 0.660000 -0.375308
v 0.416080 0.666988 -0.375308
v 0.413383 0.673500 -0.375308
v 0.409092 0.679092 -0.375308
v 0.403500 0.683383 -0.375308
v 0.396988 0.686080 -0.375308
v 0.390000 0.687000 -0.375308
v 0.383012 0.686080 -0.375308
v 0.376500 0.683383 -0.375308
v 0.370908 0.679092 -0.375308
v 0.366617 0.673500 -0.375308
v 0.363920 0.666988 -0.375308
v 0.363000 0.660000 -0.375308
v 0.363920 0.653012 -0.375308
v 0.366617 0.646500 -0.375308
v 0.370908 0.640908 -0.375308
v 0.376500 0.636617 -0.375308
v 0.383012 0.633920 -0.375308
v 0.390000 0.633000 -0.375308
v 0.396988 0.633920 -0.375308
v 0.403500 0.636617 -0.375308
v 0.409092 0.640908 -0.375308
v 0.413383 0.646500 -0.375308
v 0.416080 0.653012 -0.375308
v 0.417000 0.660000 -0.357308
v 0.416080 0.666988 -0.357308
v 0.413383 0.673500 -0.357308
v 0.409092 0.679092 -0.357308
v 0.403500 0.683383 -0.357308
v 0.396988 0.686080 -0.357308
v 0.390000 0.687000 -0.357308
v 0.383012 0.686080 -0.357308
v 0.376500 0.683383 -0.357308
v 0.370908 0.679092 -0.357308
v 0.366617 0.673500 -0.357308
v 0.363920 0.666988 -0.357308
v 0.363000 0.660000 -0.357308
v 0.363920 0.653012 -0.357308
v 0.366617 0.646500 -0.357308
v 0.370908 0.640908 -0.357308
v 0.376500 0.636617 -0.357308
v 0.383012 0.633920 -0.357308
v 0.390000 0.633000 -0.357308
v 0.396988 0.633920 -0.357308
v 0.403500 0.636617 -0.357308
v 0.409092 0.640908 -0.357308
v 0.413383 0.646500 -0.357308
v 0.416080 0.653012 -0.357308
v 0.390000 0.660000 -0.375308
v 0.390000 0.660000 -0.357308
vn 0.9914 0.1305 -0.0000
vn -0.0000 -0.0000 -1.0000
vn -0.0000 -0.0000 1.0000
vn 0.9239 0.3826 -0.0000
vn 0.7933 0.6088 -0.0000
vn 0.6088 0.7934 -0.0000
vn 0.6088 0.7933 -0.0000
vn 0.3826 0.9239 -0.0000
vn 0.1305 0.9914 -0.0000
vn -0.1305 0.9914 -0.0000
vn -0.3826 0.9239 -0.0000
vn -0.6088 0.7933 -0.0000
vn -0.7933 0.6088 -0.0000
vn -0.9239 0.3826 -0.0000
vn -0.9914 0.1305 -0.0000
vn -0.9914 -0.1305 -0.0000
vn -0.9239 -0.3826 -0.0000
vn -0.7933 -0.6088 -0.0000
vn -0.6088 -0.7933 -0.0000
vn -0.3826 -0.9239 -0.0000
vn -0.1305 -0.9914 -0.0000
vn 0.1305 -0.9914 -0.0000
vn 0.3826 -0.9239 -0.0000
vn 0.6088 -0.7933 -0.0000
vn 0.7933 -0.6088 -0.0000
vn 0.9239 -0.3826 -0.0000
vn 0.9914 -0.1305 -0.0000
s 0
usemtl silver_metal
f 1359//1631 1360//1631 1384//1631
f 1359//1631 1384//1631 1383//1631
f 1407//1632 1360//1632 1359//1632
f 1408//1633 1383//1633 1384//1633
f 1360//1634 1361//1634 1385//1634
f 1360//1634 1385//1634 1384//1634
f 1407//1632 1361//1632 1360//1632
f 1408//1633 1384//1633 1385//1633
f 1361//1635 1362//1635 1386//1635
f 1361//1635 1386//1635 1385//1635
f 1407//1632 1362//1632 1361//1632
f 1408//1633 1385//1633 1386//1633
f 1362//1636 1363//1636 1387//1636
f 1362//1637 1387//1637 1386//1637
f 1407//1632 1363//1632 1362//1632
f 1408//1633 1386//1633 1387//1633
f 1363//1638 1364//1638 1388//1638
f 1363//1638 1388//1638 1387//1638
f 1407//1632 1364//1632 1363//1632
f 1408//1633 1387//1633 1388//1633
f 1364//1639 1365//1639 1389//1639
f 1364//1639 1389//1639 1388//1639
f 1407//1632 1365//1632 1364//1632
f 1408//1633 1388//1633 1389//1633
f 1365//1640 1366//1640 1390//1640
f 1365//1640 1390//1640 1389//1640
f 1407//1632 1366//1632 1365//1632
f 1408//1633 1389//1633 1390//1633
f 1366//1641 1367//1641 1391//1641
f 1366//1641 1391//1641 1390//1641
f 1407//1632 1367//1632 1366//1632
f 1408//1633 1390//1633 1391//1633
f 1367//1642 1368//1642 1392//1642
f 1367//1642 1392//1642 1391//1642
f 1407//1632 1368//1632 1367//1632
f 1408//1633 1391//1633 1392//1633
f 1368//1643 1369//1643 1393//1643
f 1368//1643 1393//1643 1392//1643
f 1407//1632 1369//1632 1368//1632
f 1408//1633 1392//1633 1393//1633
f 1369//1644 1370//1644 1394//1644
f 1369//1644 1394//1644 1393//1644
f 1407//1632 1370//1632 1369//1632
f 1408//1633 1393//1633 1394//1633
f 1370//1645 1371//1645 1395//1645
f 1370//1645 1395//1645 1394//1645
f 1407//1632 1371//1632 1370//1632
f 1408//1633 1394//1633 1395//1633
f 1371//1646 1372//1646 1396//1646
f 1371//1646 1396//1646 1395//1646
f 1407//1632 1372//1632 1371//1632
f 1408//1633 1395//1633 1396//1633
f 1372//1647 1373//1647 1397//1647
f 1372//1647 1397//1647 1396//1647
f 1407//1632 1373//1632 1372//1632
f 1408//1633 1396//1633 1397//1633
f 1373//1648 1374//1648 1398//1648
f 1373//1648 1398//1648 1397//1648
f 1407//1632 1374//1632 1373//1632
f 1408//1633 1397//1633 1398//1633
f 1374//1649 1375//1649 1399//1649
f 1374//1649 1399//1649 1398//1649
f 1407//1632 1375//1632 1374//1632
f 1408//1633 1398//1633 1399//1633
f 1375//1650 1376//1650 1400//1650
f 1375//1650 1400//1650 1399//1650
f 1407//1632 1376//1632 1375//1632
f 1408//1633 1399//1633 1400//1633
f 1376//1651 1377//1651 1401//1651
f 1376//1651 1401//1651 1400//1651
f 1407//1632 1377//1632 1376//1632
f 1408//1633 1400//1633 1401//1633
f 1377//1652 1378//1652 1402//1652
f 1377//1652 1402//1652 1401//1652
f 1407//1632 1378//1632 1377//1632
f 1408//1633 1401//1633 1402//1633
f 1378//1653 1379//1653 1403//1653
f 1378//1653 1403//1653 1402//1653
f 1407//1632 1379//1632 1378//1632
f 1408//1633 1402//1633 1403//1633
f 1379//1654 1380//1654 1404//1654
f 1379//1654 1404//1654 1403//1654
f 1407//1632 1380//1632 1379//1632
f 1408//1633 1403//1633 1404//1633
f 1380//1655 1381//1655 1405//1655
f 1380//1655 1405//1655 1404//1655
f 1407//1632 1381//1632 1380//1632
f 1408//1633 1404//1633 1405//1633
f 1381//1656 1382//1656 1406//1656
f 1381//1656 1406//1656 1405//1656
f 1407//1632 1382//1632 1381//1632
f 1408//1633 1405//1633 1406//1633
f 1382//1657 1359//1657 1383//1657
f 1382//1657 1383//1657 1406//1657
f 1407//1632 1359//1632 1382//1632
f 1408//1633 1406//1633 1383//1633
